id,first_name,last_name,email,gender,ip_address,cb
1,Andie,Kilbride,akilbride0@washingtonpost.com,Female,200.28.175.0,4352511793725195
2,Elmore,Peaple,epeaple1@apple.com,Male,3.49.82.53,4665914024068
3,Jo ann,Le Merchant,jlemerchant2@instagram.com,Agender,65.204.86.25,4111534602266997
4,Cordie,Saffran,csaffran3@vimeo.com,Female,118.229.172.145,4017955009226091
5,Brennan,Slorach,bslorach4@oakley.com,Male,222.28.35.228,4017958352551
6,Merrilee,Dickinson,mdickinson5@so-net.ne.jp,Female,38.163.21.82,4041596978279677
7,Emilio,Turbern,eturbern6@psu.edu,Male,93.169.127.93,4041598441186
8,Garfield,Lutman,glutman7@tuttocitta.it,Male,210.28.134.17,4882672172869043
9,Forester,Woolley,fwoolley8@privacy.gov.au,Non-binary,159.111.96.162,4041590061891
10,Trueman,Petrelluzzi,tpetrelluzzi9@omniture.com,Male,27.56.215.190,4041591839030
11,Millicent,Malcolm,mmalcolma@deliciousdays.com,Female,63.67.213.123,4017954326657187
12,Frederik,Samett,fsamettb@economist.com,Male,165.142.124.241,4423794061592258
13,Terrance,Langdridge,tlangdridgec@4shared.com,Male,166.243.62.190,4041593574189731
14,Shandee,Poolman,spoolmand@multiply.com,Female,124.38.145.160,4041599572187460
15,Angie,Antuoni,aantuonie@nifty.com,Male,248.211.167.243,4041594449420210
16,Gar,Orviss,gorvissf@mtv.com,Male,69.243.253.130,4031189697645501
17,Charlotta,Nickoles,cnickolesg@skyrock.com,Female,182.34.184.22,4943276996895965
18,Siana,Wadeling,swadelingh@army.mil,Female,198.33.86.24,4041590243291
19,Roarke,Pavlitschek,rpavlitscheki@xrea.com,Genderqueer,86.102.101.141,4974741782207
20,Tod,Orring,torringj@craigslist.org,Male,136.28.193.146,4041595256330
21,Alejandrina,Sparkwill,asparkwillk@ehow.com,Female,201.249.131.99,4041598545908515
22,Euphemia,Marris,emarrisl@shop-pro.jp,Non-binary,7.20.213.91,4770892316951987
23,Jorey,Dedon,jdedonm@studiopress.com,Female,178.120.89.50,4142393261504
24,Bond,Dahlberg,bdahlbergn@cbc.ca,Male,60.180.104.78,4041593525346109
25,Emlynne,Bisco,ebiscoo@weather.com,Female,254.189.75.163,4041379319700
26,Kermie,Lymer,klymerp@addthis.com,Male,76.32.107.43,4041370726496979
27,Corrianne,Philps,cphilpsq@state.tx.us,Female,154.148.136.94,4041597775717
28,Franciskus,Desseine,fdesseiner@1688.com,Male,87.242.42.242,4041595037644111
29,Hendrika,Shama,hshamas@businessweek.com,Female,78.128.135.115,4041592607735536
30,Lambert,Sainz,lsainzt@homestead.com,Male,42.244.92.48,4041377257839154
31,Ellwood,Harvard,eharvardu@disqus.com,Male,28.78.160.22,4041375259985603
32,Reid,Selby,rselbyv@webnode.com,Male,211.157.221.75,4089027846350
33,Carmine,Dod,cdodw@imdb.com,Genderqueer,68.209.115.224,4017959285297
34,Mirelle,Sawkin,msawkinx@ted.com,Female,171.87.87.146,4041591522963470
35,Ring,Bullick,rbullicky@geocities.com,Male,95.166.116.185,4041591709730213
36,Grata,Healey,ghealeyz@360.cn,Female,154.221.47.236,4448747035993
37,Wrennie,Gerardot,wgerardot10@webeden.co.uk,Female,127.20.232.114,4580847865059
38,Tate,Pyett,tpyett11@hexun.com,Agender,226.49.152.189,4964599770362
39,De,Crust,dcrust12@virginia.edu,Female,112.216.77.155,4017956491808834
40,Sorcha,Densell,sdensell13@indiegogo.com,Female,116.116.212.9,4041590034747249
41,Leonora,Rickardes,lrickardes14@arizona.edu,Female,133.78.249.154,4041596025668
42,Clemence,Fitton,cfitton15@about.com,Female,102.216.109.219,4400338316562646
43,Mariska,Phorsby,mphorsby16@g.co,Female,88.190.61.228,4017958814945574
44,Cammie,Hallybone,challybone17@who.int,Female,229.27.39.100,4041592678341586
45,Shirlee,Marjoribanks,smarjoribanks18@economist.com,Female,187.83.123.70,4132500209323437
46,Nikkie,Anthona,nanthona19@mlb.com,Female,43.38.43.251,4041595391493063
47,Lillis,Mulrenan,lmulrenan1a@joomla.org,Female,131.178.234.113,4041599623723560
48,Lee,Madill,lmadill1b@stanford.edu,Female,207.97.125.223,4017951131219104
49,Gil,Pigdon,gpigdon1c@hp.com,Male,163.43.74.125,4489953222107502
50,Grazia,Bachmann,gbachmann1d@i2i.jp,Female,221.235.7.185,4041371342902580
51,Aron,Tabbitt,atabbitt1e@sitemeter.com,Male,94.127.110.185,4017956935308
52,Berny,Riggs,briggs1f@virginia.edu,Male,15.148.150.156,4955187254918
53,Gusella,Andrioli,gandrioli1g@tmall.com,Genderqueer,202.39.82.178,4170665873859629
54,Myrtle,Irvin,mirvin1h@1688.com,Agender,131.120.120.60,4041373063545473
55,Erda,Bloys,ebloys1i@nydailynews.com,Female,119.154.237.42,4041377895792
56,Thaxter,Narup,tnarup1j@fc2.com,Male,206.46.71.23,4017958370918
57,Mindy,Tolworth,mtolworth1k@dyndns.org,Agender,31.181.170.22,4017958578889521
58,Clyve,Geare,cgeare1l@telegraph.co.uk,Male,224.174.179.169,4787696370186
59,Griselda,Shilladay,gshilladay1m@netscape.com,Female,247.74.211.88,4041598451640912
60,Barbey,Briddock,bbriddock1n@simplemachines.org,Female,194.116.107.122,4041599981032
61,Albert,Ebbens,aebbens1o@dagondesign.com,Male,242.190.23.151,4017958175903
62,Jordan,Plampin,jplampin1p@bizjournals.com,Male,106.154.51.166,4017958903727347
63,Rockwell,Eastcott,reastcott1q@merriam-webster.com,Polygender,12.76.252.73,4017959459337978
64,Coletta,Thorwarth,cthorwarth1r@ebay.com,Female,169.225.240.85,4041375001500
65,Neall,Ciccarello,nciccarello1s@vimeo.com,Male,170.45.100.94,4308155370877667
66,Susan,Brickett,sbrickett1t@bloglovin.com,Female,187.132.246.74,4017953908977823
67,Alane,Tubb,atubb1u@techcrunch.com,Female,0.19.69.187,4011315171101
68,Townie,Labram,tlabram1v@gravatar.com,Male,10.197.141.52,4017957427644
69,Ramsey,Caren,rcaren1w@eventbrite.com,Male,133.90.238.120,4041379297476
70,Elmer,Aujouanet,eaujouanet1x@facebook.com,Male,127.204.130.6,4808999800346743
71,Nickie,Besantie,nbesantie1y@forbes.com,Female,138.81.123.56,4774469352245
72,Rolando,Quantrell,rquantrell1z@vistaprint.com,Male,239.248.154.35,4054391579326
73,Olga,Pinshon,opinshon20@123-reg.co.uk,Female,203.134.168.68,4017956627525
74,Bethena,Piggen,bpiggen21@odnoklassniki.ru,Female,41.42.202.9,4017950108860
75,Salvador,Bunston,sbunston22@hugedomains.com,Male,166.228.231.170,4041592707038
76,Benjamen,Sapseed,bsapseed23@yellowpages.com,Non-binary,147.210.171.184,4106955306007
77,Cynthea,Bankhurst,cbankhurst24@storify.com,Female,20.226.7.17,4041590942078018
78,Muhammad,Challiss,mchalliss25@gizmodo.com,Male,212.219.208.103,4328085078757
79,Harman,Digle,hdigle26@hibu.com,Male,3.126.1.155,4017953851946
80,Eddy,Wimbridge,ewimbridge27@goo.gl,Male,20.42.234.35,4974828388835728
81,Talyah,Gravie,tgravie28@mail.ru,Female,202.239.88.207,4041378816516
82,Juana,Werner,jwerner29@hostgator.com,Female,194.226.74.208,4041591812435817
83,Vite,Dashkov,vdashkov2a@google.ca,Male,214.138.160.119,4041371641690340
84,Alyse,Du Hamel,aduhamel2b@istockphoto.com,Female,63.141.252.101,4017950883843
85,Sylvia,Chasle,schasle2c@fda.gov,Female,90.193.189.9,4826637803886913
86,Stormie,Dimock,sdimock2d@umich.edu,Female,81.29.178.143,4017954320903900
87,Nelia,Paybody,npaybody2e@weather.com,Female,200.180.177.189,4729554663930
88,Cissiee,Feander,cfeander2f@topsy.com,Female,108.151.74.2,4931112839769485
89,Sela,Gleadle,sgleadle2g@1und1.de,Female,206.63.197.123,4843053405387020
90,Josselyn,Nanetti,jnanetti2h@nhs.uk,Female,240.76.214.26,4041377840525
91,Remus,Lindop,rlindop2i@bing.com,Male,97.198.230.116,4017957977549
92,Briano,Roderick,broderick2j@narod.ru,Male,131.75.65.165,4041593216883121
93,Gerrard,Breadmore,gbreadmore2k@cyberchimps.com,Male,22.188.148.221,4017953226064965
94,Clea,Ellingford,cellingford2l@harvard.edu,Female,0.228.126.187,4041372452011
95,Venus,Snashall,vsnashall2m@ebay.co.uk,Agender,94.107.228.241,4703769444843603
96,Frasquito,Ghione,fghione2n@oakley.com,Male,104.87.48.63,4041377731046590
97,Ramsey,Mallett,rmallett2o@discovery.com,Male,2.144.57.252,4041596514182195
98,Owen,Koppen,okoppen2p@china.com.cn,Male,160.38.40.44,4017959102902053
99,Salaidh,Bussen,sbussen2q@friendfeed.com,Bigender,0.98.173.159,4041595906942
100,Rodi,Bedin,rbedin2r@amazon.co.jp,Female,5.209.27.116,4017951417633
101,Kristel,Zappel,kzappel2s@narod.ru,Female,82.112.94.66,4017955267588
102,Karyn,Noye,knoye2t@csmonitor.com,Female,87.108.44.135,4590857436837216
103,Charlton,Timms,ctimms2u@buzzfeed.com,Male,163.62.63.137,4041590901020886
104,Tomasine,Siverns,tsiverns2v@vimeo.com,Female,51.173.67.23,4510933872307548
105,Erin,MacSwayde,emacswayde2w@moonfruit.com,Male,80.254.144.223,4041375107803719
106,Jorry,Durrell,jdurrell2x@yellowpages.com,Female,56.16.81.90,4041373070929
107,Falkner,Kobieriecki,fkobieriecki2y@flickr.com,Male,39.62.3.189,4553382580873227
108,Tamiko,Durnall,tdurnall2z@tinypic.com,Female,21.22.139.73,4017950011031
109,Ase,Dinsdale,adinsdale30@zimbio.com,Male,4.195.109.172,4041371410166399
110,Lennard,McCullum,lmccullum31@ow.ly,Male,78.240.148.7,4041372805697
111,Melva,Schiesterl,mschiesterl32@blog.com,Female,45.179.66.164,4041595448028
112,Fredek,Cirlos,fcirlos33@ibm.com,Agender,32.136.44.199,4017954727785744
113,Julissa,Tume,jtume34@t-online.de,Female,25.187.44.142,4041592539847144
114,Tadio,Dutnell,tdutnell35@gmpg.org,Male,233.11.98.228,4041373991421
115,Dunn,O'Keeffe,dokeeffe36@forbes.com,Male,133.123.64.5,4041370360554
116,Winifield,Fillis,wfillis37@naver.com,Male,104.147.97.198,4041374158250961
117,Dede,Garrit,dgarrit38@a8.net,Genderfluid,11.71.139.203,4041375678570
118,Libbey,Jobern,ljobern39@nasa.gov,Agender,246.83.179.62,4041592217443125
119,Margo,Pietesch,mpietesch3a@desdev.cn,Female,122.199.23.170,4041596413971
120,Emmye,De Miranda,edemiranda3b@dell.com,Female,11.203.11.211,4547521978755665
121,Larry,Jodrelle,ljodrelle3c@prlog.org,Genderqueer,149.122.45.192,4017957497195903
122,Simonne,Barnaclough,sbarnaclough3d@java.com,Female,183.155.30.125,4017953113961828
123,Richy,Durek,rdurek3e@nytimes.com,Male,232.178.216.195,4041378836878
124,Orran,Badby,obadby3f@woothemes.com,Male,18.29.213.115,4998800227296778
125,Fitz,Clara,fclara3g@sakura.ne.jp,Male,195.199.39.177,4041376714542609
126,Bab,Baud,bbaud3h@mapy.cz,Female,165.192.138.245,4041590808636404
127,Grantley,Mahood,gmahood3i@jimdo.com,Male,238.244.50.121,4697198825969
128,Fedora,Liggens,fliggens3j@is.gd,Female,195.211.1.82,4041599705837502
129,Rickie,Brocket,rbrocket3k@hexun.com,Male,156.53.37.43,4017952614576499
130,Odella,Klosa,oklosa3l@de.vu,Female,172.225.26.250,4041378169899385
131,Florance,House,fhouse3m@bandcamp.com,Female,135.215.81.202,4017956003495
132,Marianne,Loughead,mloughead3n@google.nl,Female,88.142.14.134,4041591741236
133,Jolene,Station,jstation3o@linkedin.com,Female,62.158.150.28,4017956331003
134,Darnall,Lomaz,dlomaz3p@vistaprint.com,Male,30.197.220.70,4041370692253
135,Koressa,Larsen,klarsen3q@yellowpages.com,Non-binary,126.54.132.174,4041592990372764
136,Yorke,Stobbart,ystobbart3r@yandex.ru,Male,199.233.162.161,4522473257153833
137,Nesta,Beare,nbeare3s@google.pl,Female,254.168.130.75,4383754895387
138,Ida,Kuschke,ikuschke3t@auda.org.au,Female,155.168.98.112,4543413333314228
139,Wyndham,Thynne,wthynne3u@baidu.com,Male,175.210.194.216,4041370688780
140,Rennie,Riach,rriach3v@arizona.edu,Female,242.156.24.166,4017951164200088
141,Juline,Rannie,jrannie3w@cnn.com,Polygender,27.118.18.239,4961117563154
142,Jefferey,Taber,jtaber3x@yandex.ru,Male,134.163.41.90,4041379534780102
143,Addi,Noor,anoor3y@boston.com,Female,74.244.230.186,4425757515445
144,Demetra,Osmant,dosmant3z@goo.ne.jp,Female,15.22.90.197,4017953693974415
145,Rutherford,Eastway,reastway40@ask.com,Male,106.241.95.136,4041598100337
146,Otto,Tabner,otabner41@bigcartel.com,Genderfluid,175.62.107.105,4041592617575
147,Kylie,Heaseman,kheaseman42@photobucket.com,Non-binary,203.91.236.242,4041597781467806
148,Sandie,Golda,sgolda43@typepad.com,Non-binary,232.208.55.225,4017950760180009
149,Laird,Firpi,lfirpi44@wiley.com,Male,12.130.75.195,4187226663731
150,Kiah,Comsty,kcomsty45@imageshack.us,Female,145.32.62.190,4017953284833
151,Porter,Wigley,pwigley46@ihg.com,Male,113.7.163.255,4041591722913
152,Deb,Grigoryev,dgrigoryev47@amazon.de,Female,160.206.36.132,4702785312635
153,Dionisio,Spyvye,dspyvye48@addthis.com,Agender,209.245.58.164,4017953656188318
154,Louis,Kiledal,lkiledal49@sun.com,Male,1.78.174.137,4716485354234
155,Kendrick,Dunsmore,kdunsmore4a@nytimes.com,Male,111.105.11.210,4041378714133
156,Rutherford,Camplejohn,rcamplejohn4b@t.co,Male,4.3.42.12,4017951064939603
157,Even,Goding,egoding4c@usa.gov,Male,151.85.95.238,4159528831396271
158,Jen,Stilgo,jstilgo4d@example.com,Female,60.176.4.166,4071372930096
159,Cleavland,Rime,crime4e@wordpress.com,Male,92.132.252.219,4041378298837678
160,Aleta,Haryngton,aharyngton4f@hubpages.com,Female,241.210.248.210,4041591388808116
161,Angelo,Francesco,afrancesco4g@elpais.com,Male,131.251.217.176,4041591499587
162,Miguelita,Yoseloff,myoseloff4h@usatoday.com,Female,79.250.194.101,4041591999933
163,Roxine,Gounot,rgounot4i@house.gov,Female,39.140.152.14,4017950819128
164,Halli,Batman,hbatman4j@google.co.uk,Polygender,224.8.171.92,4017952124415345
165,Nappy,Bassett,nbassett4k@weather.com,Male,118.150.185.119,4041372790683
166,Callida,Magarrell,cmagarrell4l@house.gov,Agender,108.241.38.32,4017956894974274
167,Blaine,Wenger,bwenger4m@japanpost.jp,Male,169.57.214.247,4017950958041
168,Irwin,Monteath,imonteath4n@opera.com,Male,135.161.15.105,4041372887877
169,Raphaela,Brandone,rbrandone4o@networkadvertising.org,Female,25.242.146.96,4017950173664870
170,Tera,Gaspard,tgaspard4p@example.com,Female,43.43.145.219,4041595675117
171,Hyman,Cardoe,hcardoe4q@soundcloud.com,Male,172.94.14.120,4041375456415
172,Mariam,Stocker,mstocker4r@epa.gov,Female,171.215.135.237,4017955729553
173,Jourdain,Deeson,jdeeson4s@qq.com,Male,4.28.24.182,4041595097375077
174,Idaline,Linbohm,ilinbohm4t@amazonaws.com,Female,178.194.158.172,4060626014666227
175,Gordy,Butterley,gbutterley4u@baidu.com,Male,103.220.241.93,4017958469856902
176,Romona,Maggiori,rmaggiori4v@phoca.cz,Female,82.79.115.77,4955888686178
177,Mozes,Bliben,mbliben4w@paginegialle.it,Male,183.150.29.68,4041371140965102
178,Noella,Youdell,nyoudell4x@auda.org.au,Female,181.41.41.180,4041592163778
179,Cindie,Skepper,cskepper4y@google.com.au,Agender,221.99.76.127,4383929946578
180,Cosmo,Mation,cmation4z@fc2.com,Polygender,201.184.26.165,4257614398314203
181,Kali,O'Halligan,kohalligan50@irs.gov,Agender,0.19.60.64,4041599124229
182,Amabel,Dumbreck,adumbreck51@yale.edu,Female,24.179.84.173,4041379981931158
183,Valentin,Kroon,vkroon52@delicious.com,Male,141.69.191.129,4253626181433
184,Randell,Parton,rparton53@google.ca,Male,56.120.24.111,4041595032491
185,Vasily,Bartolomieu,vbartolomieu54@cdbaby.com,Male,25.182.246.105,4041379191596
186,Baxter,Woodfin,bwoodfin55@archive.org,Male,198.203.196.248,4041377670468
187,Valery,Dampney,vdampney56@alibaba.com,Female,172.65.28.128,4017950846399979
188,Brynn,Knowler,bknowler57@admin.ch,Non-binary,62.203.143.112,4041378989263
189,Clarabelle,Fowlston,cfowlston58@example.com,Female,56.19.201.85,4041374561785
190,Wolfie,Arnke,warnke59@google.cn,Male,213.72.133.28,4041375832938
191,Nicholle,Szymaniak,nszymaniak5a@addtoany.com,Female,182.146.239.115,4017958322943
192,Dre,Goby,dgoby5b@census.gov,Female,151.51.160.233,4017958326472
193,Dom,Have,dhave5c@yahoo.co.jp,Male,156.212.198.94,4041370625724497
194,Dag,Asals,dasals5d@wikia.com,Male,18.31.87.149,4504197194852
195,Karmen,Gatlin,kgatlin5e@chron.com,Female,200.207.190.26,4041372905551798
196,Fernandina,German,fgerman5f@tripadvisor.com,Female,221.243.15.196,4041376294682783
197,Ned,Baudy,nbaudy5g@joomla.org,Male,197.126.176.125,4017952858267540
198,Yettie,Stribling,ystribling5h@feedburner.com,Female,81.108.14.220,4017956614465
199,Tobin,Lazar,tlazar5i@army.mil,Genderqueer,70.243.38.210,4480619076805
200,Gardiner,Neicho,gneicho5j@technorati.com,Polygender,48.26.223.4,4017957049121365
201,Marty,Tours,mtours5k@tamu.edu,Male,231.152.89.202,4440505511844
202,Giselle,Bresnen,gbresnen5l@list-manage.com,Non-binary,86.37.84.12,4256445522083
203,Borg,Varfolomeev,bvarfolomeev5m@devhub.com,Male,236.210.176.15,4017950249094
204,Kyrstin,McDarmid,kmcdarmid5n@wired.com,Female,28.221.129.77,4041372108902
205,Boycie,Wordesworth,bwordesworth5o@tinyurl.com,Male,179.81.177.55,4041590517199
206,Seymour,Zollner,szollner5p@illinois.edu,Male,141.18.127.29,4041371033390
207,Mandi,Torricina,mtorricina5q@instagram.com,Female,48.127.183.106,4041379192322668
208,Frans,Stewart,fstewart5r@prlog.org,Male,174.195.242.102,4017952479988
209,Valaree,Lott,vlott5s@bigcartel.com,Female,18.104.243.195,4041590094049759
210,Gnni,Kefford,gkefford5t@microsoft.com,Female,126.124.178.25,4921346351307819
211,Rosie,Milburne,rmilburne5u@woothemes.com,Non-binary,129.117.71.208,4571768977734
212,Ernst,Moylane,emoylane5v@arstechnica.com,Male,155.73.190.129,4017959270372
213,Marge,Rawood,mrawood5w@dmoz.org,Female,61.159.60.177,4291168934495206
214,Larry,Clohissy,lclohissy5x@diigo.com,Male,87.113.108.150,4041372739991848
215,Hale,Codron,hcodron5y@nytimes.com,Male,222.188.75.34,4017954489340
216,Carce,McKeon,cmckeon5z@rambler.ru,Agender,20.87.62.183,4908562899164952
217,Marleen,Bridgen,mbridgen60@dot.gov,Female,78.190.63.96,4017959647744853
218,Filmore,Nelmes,fnelmes61@123-reg.co.uk,Male,86.105.110.175,4238624125733918
219,Parsifal,Edridge,pedridge62@qq.com,Male,237.232.122.73,4017958926897010
220,Taddeusz,Frankowski,tfrankowski63@geocities.com,Male,218.255.116.50,4041372007831
221,Nealy,Aldis,naldis64@census.gov,Male,164.114.191.152,4991807680059
222,Brad,Teese,bteese65@csmonitor.com,Male,253.32.186.130,4017954313573
223,Emlynne,D'Alessandro,edalessandro66@ustream.tv,Female,143.99.211.127,4041599305877
224,Rochester,Mealand,rmealand67@spotify.com,Male,214.153.17.106,4017957729116354
225,Clayson,Jacobssen,cjacobssen68@liveinternet.ru,Male,52.141.172.218,4882323422009853
226,Amery,Rylett,arylett69@youtu.be,Male,168.221.233.54,4041591372404
227,Neddy,Cutmare,ncutmare6a@amazon.com,Male,79.138.113.160,4041591476976296
228,Arron,Dixcey,adixcey6b@house.gov,Male,69.180.17.246,4041599397841
229,Allix,Filkin,afilkin6c@mysql.com,Female,142.197.122.236,4017958190290
230,Tory,Pawelski,tpawelski6d@github.com,Female,241.200.91.31,4041592197222176
231,Wittie,Rawstorn,wrawstorn6e@go.com,Male,222.3.3.153,4041596749770590
232,Sally,Delafont,sdelafont6f@jigsy.com,Female,112.29.115.18,4041373597434
233,Ulric,Knowller,uknowller6g@nifty.com,Male,151.151.203.168,4017954555515023
234,Masha,Deviney,mdeviney6h@smh.com.au,Female,84.91.95.62,4041371210063
235,Peyter,Wicken,pwicken6i@i2i.jp,Male,225.13.81.71,4041596646737
236,Kendall,Polding,kpolding6j@oakley.com,Agender,1.215.128.73,4452697869773
237,Jeffrey,Compston,jcompston6k@unc.edu,Male,22.235.150.97,4041593797037980
238,Korey,Hanbridge,khanbridge6l@hubpages.com,Male,89.164.113.139,4041592643936
239,Kippie,Eathorne,keathorne6m@ihg.com,Female,29.135.97.80,4017958871139
240,Amii,De Giorgio,adegiorgio6n@sciencedirect.com,Genderfluid,30.123.219.179,4017950601666
241,Onfre,Cringle,ocringle6o@cargocollective.com,Male,75.226.177.120,4041378739007
242,Milissent,Haacker,mhaacker6p@exblog.jp,Female,126.94.168.54,4041378963365773
243,Dredi,Rackham,drackham6q@huffingtonpost.com,Female,116.145.19.15,4041371598544235
244,Patsy,McLaughlan,pmclaughlan6r@homestead.com,Male,146.191.52.133,4041376816093402
245,Paddie,Beatey,pbeatey6s@phoca.cz,Male,127.66.116.192,4017954243978
246,Charlot,Episcopio,cepiscopio6t@altervista.org,Female,243.1.101.173,4041375104554794
247,Casey,Bahl,cbahl6u@harvard.edu,Female,60.245.203.78,4017957347849584
248,Thurston,Huckel,thuckel6v@forbes.com,Male,0.53.145.102,4761602804232
249,Sutherlan,Coxen,scoxen6w@github.io,Male,206.57.1.21,4017959358250
250,Wandis,Hallworth,whallworth6x@symantec.com,Female,104.145.3.172,4056263171967
251,Jacquie,Batcheldor,jbatcheldor6y@etsy.com,Female,195.135.229.100,4949705462396292
252,Adelice,Guidetti,aguidetti6z@examiner.com,Female,175.20.149.178,4041379996564
253,Bartholemy,Woolager,bwoolager70@jugem.jp,Male,210.180.74.197,4041595676768452
254,Clay,Osborne,cosborne71@google.nl,Male,78.64.200.172,4301717580481023
255,Callie,Ferron,cferron72@instagram.com,Female,18.23.90.34,4041590567832160
256,Dani,Vequaud,dvequaud73@yahoo.com,Male,205.146.43.74,4041379850696
257,Franky,Archer,farcher74@vimeo.com,Female,53.152.49.101,4041592495436
258,Reba,Paschke,rpaschke75@dailymotion.com,Female,106.253.11.137,4017958461935274
259,Ev,Brockie,ebrockie76@istockphoto.com,Male,247.118.117.73,4041377677701836
260,Fin,Merrington,fmerrington77@yelp.com,Male,93.0.64.84,4041592559991
261,Mordy,Gert,mgert78@netvibes.com,Male,218.121.232.245,4041376091356474
262,Cherry,Faucett,cfaucett79@ftc.gov,Female,22.172.251.49,4017956769707
263,Uta,Jedrys,ujedrys7a@pen.io,Female,81.214.123.148,4617239386698
264,Onida,Loughlan,oloughlan7b@loc.gov,Female,147.198.212.98,4134668656881575
265,Fidelio,Noury,fnoury7c@163.com,Male,230.55.134.24,4017951613843
266,Gabrielle,Bassingham,gbassingham7d@ifeng.com,Female,237.30.74.243,4041374505055
267,Dorian,Enion,denion7e@slideshare.net,Female,210.239.79.51,4237727094819
268,Maryjo,Peatheyjohns,mpeatheyjohns7f@123-reg.co.uk,Female,31.165.31.29,4294505240557921
269,Tricia,McGuckin,tmcguckin7g@nyu.edu,Female,97.64.248.161,4041370627382
270,Chevalier,Petcher,cpetcher7h@apache.org,Male,201.241.158.97,4810392237476810
271,Jarret,Sheavills,jsheavills7i@nature.com,Male,2.127.19.175,4041377641493
272,Nerty,Henstridge,nhenstridge7j@telegraph.co.uk,Female,123.31.54.26,4041597737105
273,Shermy,Lugden,slugden7k@t-online.de,Male,156.38.145.95,4041372065900868
274,Eleanora,Brunon,ebrunon7l@myspace.com,Female,142.211.24.216,4017954714071090
275,Balduin,Spaight,bspaight7m@moonfruit.com,Male,27.106.242.90,4017958913125938
276,Charmian,Martindale,cmartindale7n@cbc.ca,Female,118.7.113.86,4041372898049
277,Simon,Slay,sslay7o@prweb.com,Male,232.15.215.18,4763698943387
278,Cass,Wabey,cwabey7p@time.com,Female,32.154.54.148,4017950273574417
279,Gale,Sweating,gsweating7q@hibu.com,Female,46.50.238.31,4041377675574
280,Marsh,McCaughran,mmccaughran7r@altervista.org,Male,50.132.100.151,4017955653860
281,Ber,Juszczyk,bjuszczyk7s@networksolutions.com,Male,207.2.62.124,4041376531364
282,Doralynn,Skillanders,dskillanders7t@yellowpages.com,Polygender,165.57.23.91,4041376949509
283,Peta,Garham,pgarham7u@typepad.com,Female,114.90.84.3,4254056114337725
284,Pepito,Danher,pdanher7v@wikia.com,Male,48.129.116.233,4017952567469
285,Kristo,Rosle,krosle7w@mysql.com,Non-binary,102.153.48.210,4017952867991734
286,North,Shaddock,nshaddock7x@dion.ne.jp,Male,83.53.224.89,4363484160732
287,Sibley,Swinford,sswinford7y@go.com,Female,169.88.32.230,4251847421070659
288,Keslie,Binder,kbinder7z@163.com,Female,153.115.166.163,4017958235484393
289,Katha,Boerderman,kboerderman80@nba.com,Female,213.137.96.37,4041371468908221
290,Lorens,Pettinger,lpettinger81@printfriendly.com,Male,164.248.33.142,4041374855641
291,Theresita,Gunther,tgunther82@archive.org,Female,213.71.76.17,4471951523793
292,Wade,Itzhayek,witzhayek83@un.org,Male,3.95.222.184,4017956080550
293,Charita,Heak,cheak84@moonfruit.com,Female,164.246.53.4,4041595646308
294,Davida,Carlo,dcarlo85@bandcamp.com,Female,143.90.173.138,4017951895522727
295,Donielle,Bantham,dbantham86@netvibes.com,Polygender,242.24.236.128,4041596332673078
296,Christie,Harpham,charpham87@businessweek.com,Female,19.101.228.34,4041596490108842
297,Queenie,Pilbury,qpilbury88@miitbeian.gov.cn,Female,126.161.65.16,4825395138791
298,Ginnifer,Pache,gpache89@gnu.org,Female,238.189.248.64,4397024019536013
299,Gerri,Szimon,gszimon8a@ebay.co.uk,Male,12.8.241.226,4041378608046
300,Aurilia,Moohan,amoohan8b@eepurl.com,Polygender,30.163.242.224,4370950093025385
301,Henderson,Rodolphe,hrodolphe8c@epa.gov,Male,104.153.158.6,4041377510201
302,Shelby,Beament,sbeament8d@themeforest.net,Polygender,212.129.194.150,4041591420773
303,Guillaume,Brodbin,gbrodbin8e@unblog.fr,Male,21.170.33.100,4041596239459647
304,Lonna,Sketh,lsketh8f@cisco.com,Female,152.130.215.27,4041375414137066
305,Cully,Platts,cplatts8g@google.com,Male,13.94.113.221,4017954157209561
306,Shae,Quigg,squigg8h@unc.edu,Male,152.226.49.149,4017957465735
307,Amory,Iacomo,aiacomo8i@harvard.edu,Male,213.66.79.8,4418524117290624
308,Vivi,Cluitt,vcluitt8j@behance.net,Female,241.2.202.187,4041597588680
309,Reena,Billing,rbilling8k@sitemeter.com,Female,119.147.22.177,4017953954535038
310,Alphard,Mashro,amashro8l@quantcast.com,Genderfluid,225.227.160.92,4017957550650
311,Adriano,Haith,ahaith8m@quantcast.com,Genderqueer,141.97.143.152,4041371114919
312,Levin,Antram,lantram8n@mlb.com,Male,179.17.152.0,4017954724464
313,Marietta,Sandercroft,msandercroft8o@state.tx.us,Female,124.184.46.70,4041599158201
314,Irvine,Gluyus,igluyus8p@netvibes.com,Genderfluid,228.249.148.8,4041378902050
315,Melany,Humbert,mhumbert8q@economist.com,Female,47.39.29.196,4041594893679
316,Harriette,Studders,hstudders8r@sourceforge.net,Female,83.241.238.227,4929710414620
317,Lark,Bartali,lbartali8s@vkontakte.ru,Female,166.45.214.116,4041377595384
318,Carlee,Landeaux,clandeaux8t@nifty.com,Female,191.125.36.205,4041596534495
319,Aila,Plenty,aplenty8u@indiatimes.com,Female,35.143.149.248,4017955192418430
320,Gabriella,Ellsbury,gellsbury8v@mediafire.com,Female,150.71.197.93,4045412625511189
321,Blaire,Northern,bnorthern8w@woothemes.com,Female,167.61.249.122,4966548279262
322,Ruthanne,Kerwick,rkerwick8x@prnewswire.com,Female,103.14.150.101,4041370817066
323,Jessie,Newborn,jnewborn8y@myspace.com,Female,202.203.109.206,4017950410437247
324,Sanders,Brandt,sbrandt8z@yelp.com,Male,175.171.103.217,4692269391509466
325,Dom,McGuffie,dmcguffie90@wired.com,Male,208.179.116.49,4877049961503637
326,Leia,Orbon,lorbon91@hud.gov,Female,84.52.119.154,4041596987776
327,Muffin,Wyrill,mwyrill92@ebay.co.uk,Male,201.101.156.9,4071114586719
328,Chrystel,Gude,cgude93@cbc.ca,Agender,56.140.208.141,4041594028615
329,Joleen,Cawcutt,jcawcutt94@unblog.fr,Female,66.253.23.67,4041375842370370
330,Brantley,Kanzler,bkanzler95@europa.eu,Male,57.182.157.20,4017956302977455
331,Hildagard,Tasseler,htasseler96@flavors.me,Non-binary,101.71.132.45,4041378329718335
332,Gusty,Darridon,gdarridon97@ocn.ne.jp,Female,154.239.215.127,4041376312799
333,Ali,Padberry,apadberry98@wikia.com,Male,45.7.118.100,4041378411680
334,Dore,Brugemann,dbrugemann99@washingtonpost.com,Female,163.11.248.235,4017950068700
335,Sherman,Matyja,smatyja9a@amazon.de,Male,230.189.237.151,4017954601650253
336,Carling,Joannidi,cjoannidi9b@msu.edu,Male,81.219.193.1,4017957239357860
337,Dorise,Grayshan,dgrayshan9c@sitemeter.com,Female,111.103.162.84,4041377323357991
338,Korney,Salan,ksalan9d@ning.com,Female,227.138.248.155,4041597051473
339,Patricia,Lightbody,plightbody9e@thetimes.co.uk,Female,88.126.142.117,4017951587535276
340,Germain,Broadbridge,gbroadbridge9f@dropbox.com,Male,80.12.238.249,4041592480651
341,Deedee,Tritten,dtritten9g@sourceforge.net,Female,216.218.52.253,4017956861090
342,Niall,Shawe,nshawe9h@barnesandnoble.com,Male,120.146.198.29,4382861419818
343,Bettine,Ashton,bashton9i@sun.com,Female,50.240.67.27,4034965824464
344,Tulley,Behling,tbehling9j@icq.com,Male,142.221.46.5,4017954555280
345,Gretel,Scahill,gscahill9k@liveinternet.ru,Female,215.114.178.202,4416596042525813
346,Marlane,Zini,mzini9l@alexa.com,Female,35.182.108.230,4041370099132342
347,Daria,Mullaly,dmullaly9m@columbia.edu,Female,165.151.200.38,4839725547936
348,Goddart,Smedmoor,gsmedmoor9n@skyrock.com,Male,31.56.200.7,4017953787530685
349,Jackson,Threadgill,jthreadgill9o@oracle.com,Male,221.94.234.234,4041592865957954
350,Inge,Cartmale,icartmale9p@soundcloud.com,Female,207.213.154.16,4041371909739037
351,Deborah,Kunze,dkunze9q@yandex.ru,Female,200.34.168.161,4041599320868
352,Solomon,Ainslie,sainslie9r@last.fm,Male,57.126.117.23,4041592456974
353,Emmalynne,Foat,efoat9s@nsw.gov.au,Female,30.160.159.228,4961446006463057
354,Ilise,Peare,ipeare9t@chicagotribune.com,Genderqueer,161.215.128.191,4235531846240565
355,Julieta,Scholfield,jscholfield9u@eventbrite.com,Female,68.246.89.63,4041597021351
356,Marlee,Francesc,mfrancesc9v@furl.net,Female,141.140.137.175,4041599473816
357,Rina,Hutley,rhutley9w@sciencedaily.com,Non-binary,182.36.105.140,4041376463576
358,Sergeant,Flintoff,sflintoff9x@seattletimes.com,Male,30.210.81.44,4017952300564
359,Daffi,Fearenside,dfearenside9y@dmoz.org,Female,226.30.2.7,4041378652044
360,Randal,Wheowall,rwheowall9z@smh.com.au,Male,254.253.112.125,4688121022667
361,Ira,Mc Carrick,imccarricka0@wiley.com,Male,12.121.214.30,4017953144300
362,Miquela,Heggs,mheggsa1@moonfruit.com,Female,40.58.135.70,4041374988616
363,Irvin,Drakers,idrakersa2@state.gov,Male,235.174.144.130,4089073106857
364,Dexter,Leagas,dleagasa3@jiathis.com,Male,147.217.102.45,4041599093101404
365,Liz,Kun,lkuna4@a8.net,Female,142.61.234.182,4041379797277
366,Dorelia,Satchel,dsatchela5@slideshare.net,Female,73.202.9.152,4847379787062
367,Gabbi,Codlin,gcodlina6@rediff.com,Female,239.237.49.148,4309822889494917
368,Husein,Craster,hcrastera7@creativecommons.org,Male,108.63.236.239,4017959167628
369,Rhodia,Spink,rspinka8@ucoz.ru,Female,100.172.198.226,4041599629953
370,Georgeanne,Cundict,gcundicta9@wordpress.com,Female,107.138.55.184,4041379819406969
371,Rayna,Patel,rpatelaa@hubpages.com,Female,119.97.34.84,4041374551232
372,Kelila,Raiment,kraimentab@whitehouse.gov,Female,115.150.53.24,4041599959512157
373,Laurie,Beddo,lbeddoac@ow.ly,Male,114.182.74.2,4017958812521
374,Sheba,Milius,smiliusad@google.es,Female,56.227.108.249,4041379819851685
375,Marv,Bastie,mbastieae@skype.com,Male,26.66.6.120,4329959983015
376,Delmor,Cawsby,dcawsbyaf@disqus.com,Male,191.8.146.231,4041595045311
377,Louisette,Oleksiak,loleksiakag@hugedomains.com,Female,38.81.19.196,4041590623203554
378,Fayre,McPake,fmcpakeah@cpanel.net,Female,175.68.153.218,4041596435654694
379,Angel,Bohlin,abohlinai@whitehouse.gov,Male,91.62.82.234,4041590699930
380,Alameda,Elkins,aelkinsaj@rambler.ru,Non-binary,208.202.182.12,4065274302909
381,Cort,Butte,cbutteak@cornell.edu,Male,112.47.181.206,4041371158174233
382,Cherie,Gealy,cgealyal@guardian.co.uk,Female,40.10.82.152,4041596410696
383,Bruce,Mennear,bmennearam@craigslist.org,Male,151.114.91.83,4041593080219998
384,Paolina,Janaway,pjanawayan@google.es,Female,200.85.47.94,4418794020454605
385,Barbey,Wapol,bwapolao@adobe.com,Female,120.49.159.148,4041590468963
386,Den,Tanton,dtantonap@wiley.com,Male,188.206.65.78,4017957846384679
387,Iggie,Giabucci,igiabucciaq@nsw.gov.au,Male,4.106.213.107,4041378342638
388,Collette,MacGinlay,cmacginlayar@fema.gov,Female,179.18.222.77,4041597786089001
389,Zaneta,McElhinney,zmcelhinneyas@wiley.com,Female,117.33.94.24,4041593311848
390,Elvera,Crotty,ecrottyat@boston.com,Female,21.102.234.89,4041594017265336
391,Grant,Scroyton,gscroytonau@yelp.com,Male,55.63.58.203,4041594872210
392,Orville,Laming,olamingav@who.int,Male,189.208.241.57,4041376878138
393,Conrado,Finlay,cfinlayaw@freewebs.com,Male,6.39.174.135,4041371171431867
394,Riobard,MacDougal,rmacdougalax@miibeian.gov.cn,Polygender,33.6.129.182,4041379759897
395,Roslyn,Giacomazzo,rgiacomazzoay@w3.org,Female,221.66.2.178,4824734160418
396,Gena,Lohrensen,glohrensenaz@wp.com,Female,228.118.183.171,4041379834567
397,Mannie,Henriet,mhenrietb0@dropbox.com,Male,35.232.99.186,4041370559596010
398,Esteban,Ruberry,eruberryb1@studiopress.com,Male,229.102.172.240,4041592660705111
399,Vinson,Worrell,vworrellb2@creativecommons.org,Agender,8.160.31.89,4271637551360
400,Erina,Breissan,ebreissanb3@blog.com,Female,102.178.138.113,4629117165557
401,Skippy,Danielis,sdanielisb4@goodreads.com,Male,34.134.108.57,4017951317952627
402,Lorne,Coneley,lconeleyb5@spotify.com,Male,196.150.0.121,4017954470449
403,Staffard,Shellshear,sshellshearb6@army.mil,Male,46.172.58.46,4041379416233
404,Shepherd,Kinny,skinnyb7@twitter.com,Genderfluid,171.85.34.218,4017952864963728
405,Florri,Van Der Hoog,fvanderhoogb8@woothemes.com,Female,91.207.134.227,4041596514711
406,Sandy,Baptiste,sbaptisteb9@rediff.com,Male,128.237.59.53,4017950322818096
407,Carver,Culligan,cculliganba@prnewswire.com,Male,214.155.199.96,4041599980622991
408,Rowena,Dolan,rdolanbb@bing.com,Female,43.137.87.169,4041597627654674
409,Jacky,Dye,jdyebc@epa.gov,Female,59.46.216.167,4041377481370513
410,Tristan,Sinyard,tsinyardbd@tamu.edu,Male,110.125.52.253,4863432082820922
411,Buiron,Wallett,bwallettbe@fda.gov,Male,250.19.124.86,4856856548889
412,Ariel,Badrick,abadrickbf@umn.edu,Male,215.223.166.167,4041372644989
413,Myranda,Ralls,mrallsbg@xrea.com,Female,191.151.212.127,4041591834551
414,Desiri,Capron,dcapronbh@google.ca,Female,185.221.129.103,4687881114804367
415,Tess,Gildroy,tgildroybi@virginia.edu,Female,212.21.240.148,4754471330815450
416,Shaun,Clorley,sclorleybj@reference.com,Female,228.2.215.99,4610716668894
417,Melodee,Earland,mearlandbk@npr.org,Genderqueer,11.136.137.249,4041591890959
418,Camile,Starton,cstartonbl@jalbum.net,Female,25.167.99.90,4923337676017157
419,Claybourne,Hynes,chynesbm@telegraph.co.uk,Male,41.92.157.193,4017958936894106
420,Karena,Childe,kchildebn@cdc.gov,Female,218.73.200.22,4017952674988659
421,Leonanie,Josephsen,ljosephsenbo@ebay.com,Polygender,124.127.214.9,4041379597289
422,Fabian,Froom,ffroombp@github.io,Male,193.131.73.22,4017951071144320
423,Sherwynd,Kull,skullbq@google.de,Male,251.251.58.212,4041595809474051
424,Claudius,Ivers,civersbr@technorati.com,Male,167.102.109.15,4352886134695590
425,Frans,Colleford,fcollefordbs@printfriendly.com,Male,222.48.7.229,4645473062980
426,Flory,Gillan,fgillanbt@businessinsider.com,Male,140.88.254.233,4041375024361
427,Ilene,Phillis,iphillisbu@telegraph.co.uk,Female,94.6.253.153,4041594331752639
428,Lissie,Doag,ldoagbv@go.com,Female,226.42.78.61,4017954090999
429,Mayne,Kinmond,mkinmondbw@studiopress.com,Male,140.2.35.131,4041379964711
430,Alyosha,Napton,anaptonbx@usda.gov,Non-binary,52.186.204.116,4111740699500
431,Chris,Ogle,cogleby@yahoo.co.jp,Male,193.104.209.34,4041591024713894
432,Vonny,Halbord,vhalbordbz@nih.gov,Female,216.141.4.127,4041373188085
433,Kurt,Dudny,kdudnyc0@chicagotribune.com,Male,69.64.27.81,4041374531838
434,Brendon,Sneesbie,bsneesbiec1@wisc.edu,Male,33.181.61.169,4041377497536495
435,Marlin,Northway,mnorthwayc2@webs.com,Genderfluid,153.32.235.190,4069026396541521
436,Everard,Bullier,ebullierc3@prlog.org,Male,171.244.133.46,4041370196693
437,Marnie,Risbridge,mrisbridgec4@histats.com,Female,115.147.199.58,4041593016103423
438,Eran,Verden,everdenc5@nsw.gov.au,Bigender,225.195.253.208,4041379981681
439,Reynard,D'Adamo,rdadamoc6@topsy.com,Male,155.83.5.82,4328898673387118
440,Miltie,Slate,mslatec7@furl.net,Male,149.245.92.55,4017955963681
441,Letti,Mussalli,lmussallic8@nbcnews.com,Female,73.66.241.116,4039568822576230
442,Rhoda,Baumadier,rbaumadierc9@163.com,Female,155.34.214.18,4017952656122
443,Olenolin,Grigori,ogrigorica@tinyurl.com,Male,117.94.15.9,4041594866509321
444,Zorina,Medland,zmedlandcb@narod.ru,Non-binary,90.197.110.157,4041593018518
445,Leigh,Martinec,lmartineccc@dion.ne.jp,Male,69.90.135.118,4041377774336
446,Vernon,Aizkovitch,vaizkovitchcd@reuters.com,Male,97.64.185.41,4252052374989307
447,Ethelda,Brumham,ebrumhamce@yahoo.com,Female,48.141.110.221,4826057858923877
448,Jana,Garnul,jgarnulcf@mozilla.org,Female,241.242.198.179,4041594881402882
449,Libbi,Ubee,lubeecg@scientificamerican.com,Agender,201.187.70.188,4017954069605
450,Porter,Thorrington,pthorringtonch@usa.gov,Genderqueer,224.220.232.202,4041593877460995
451,Hieronymus,Skotcher,hskotcherci@icq.com,Male,94.10.40.165,4052230463504
452,Christian,Mees,cmeescj@cdc.gov,Male,160.17.179.188,4041597279312134
453,Hedwig,Beynkn,hbeynknck@indiegogo.com,Female,90.171.99.23,4041371169939723
454,Ferdy,Woolen,fwoolencl@jugem.jp,Bigender,14.132.108.245,4041372638452
455,Eloise,Yersin,eyersincm@weibo.com,Female,42.67.185.38,4017959087222
456,Cathi,Addenbrooke,caddenbrookecn@technorati.com,Non-binary,79.144.224.115,4017953789468
457,Heddie,Durak,hdurakco@berkeley.edu,Female,222.114.107.42,4911532052988211
458,Ardra,Eynaud,aeynaudcp@cnn.com,Female,61.216.160.215,4642890103654174
459,Anson,Faires,afairescq@ftc.gov,Male,17.204.205.174,4041370276834
460,Karita,Stave,kstavecr@1und1.de,Polygender,143.252.112.235,4041375229572
461,Filia,Fettiplace,ffettiplacecs@discovery.com,Female,252.175.23.152,4017952962728
462,Benji,Frayne,bfraynect@bluehost.com,Male,6.89.124.142,4017952918340
463,Alfred,Stiven,astivencu@youtu.be,Male,30.215.245.59,4984418422912
464,Cherey,Sammars,csammarscv@hugedomains.com,Non-binary,85.136.127.175,4017950309590437
465,Norma,Gavey,ngaveycw@illinois.edu,Agender,81.9.90.151,4017953838059
466,Keelia,Beneze,kbenezecx@ameblo.jp,Genderfluid,43.30.99.163,4041595226998781
467,Symon,Housiaux,shousiauxcy@parallels.com,Male,26.138.107.79,4490403426686
468,Ferdy,Dunn,fdunncz@nsw.gov.au,Male,67.56.2.193,4041373637925
469,Natty,Weekland,nweeklandd0@163.com,Female,218.153.127.161,4017956289971018
470,Susanne,Mennithorp,smennithorpd1@icq.com,Female,37.242.161.197,4115378758870475
471,Brad,Heatlie,bheatlied2@indiatimes.com,Male,18.125.138.111,4017955211867
472,Farlay,Warrick,fwarrickd3@arizona.edu,Male,72.243.32.248,4849381596028
473,Brunhilda,Syder,bsyderd4@npr.org,Female,69.198.23.54,4269323500356450
474,Alvira,Lambrick,alambrickd5@ocn.ne.jp,Female,94.132.238.143,4041598565109
475,Caitlin,Petraitis,cpetraitisd6@symantec.com,Female,139.203.108.204,4041598140200
476,Lainey,Slym,lslymd7@icq.com,Female,56.203.88.178,4041379349453366
477,Karney,Fackney,kfackneyd8@ucoz.com,Polygender,64.128.164.35,4041592944519957
478,Larisa,Crowche,lcrowched9@canalblog.com,Female,113.241.165.34,4041593987183
479,Pasquale,Laybourn,playbournda@microsoft.com,Male,63.189.12.179,4041371822956023
480,Darren,Goggey,dgoggeydb@a8.net,Male,230.173.68.212,4017951645134
481,Grazia,Worthington,gworthingtondc@creativecommons.org,Female,147.227.86.80,4041596619007289
482,Tyson,Guidelli,tguidellidd@uiuc.edu,Bigender,28.248.236.191,4397159706783955
483,Con,Mufford,cmuffordde@mtv.com,Male,55.217.49.24,4017955996440184
484,Tommy,Gerg,tgergdf@virginia.edu,Female,81.242.158.114,4041591817089981
485,Farlay,Simounet,fsimounetdg@mlb.com,Male,126.19.173.112,4041591532702660
486,Robers,Mashal,rmashaldh@oaic.gov.au,Male,220.115.207.214,4041370001141
487,Nealy,Ogelsby,nogelsbydi@rakuten.co.jp,Male,221.187.163.243,4041594889996521
488,Petra,Figin,pfigindj@people.com.cn,Female,221.98.26.181,4017950420257
489,Gail,Baltzar,gbaltzardk@sina.com.cn,Bigender,173.176.240.138,4041598409692445
490,Wilbert,Oleszcuk,woleszcukdl@github.io,Male,207.202.72.73,4438298371335
491,Donn,Tatnell,dtatnelldm@usgs.gov,Male,102.60.219.164,4041376909619451
492,Rasla,Yakobovitz,ryakobovitzdn@trellian.com,Female,185.118.216.237,4041598397490893
493,Moses,Izzett,mizzettdo@wiley.com,Male,36.151.19.62,4178699382248
494,Sybyl,Caldeyroux,scaldeyrouxdp@sogou.com,Female,98.136.169.246,4978388653191
495,Godwin,Pindar,gpindardq@cdbaby.com,Male,238.134.155.12,4041372113431
496,Arni,Tucker,atuckerdr@weebly.com,Male,57.1.11.233,4041370051557395
497,Gaultiero,Decreuze,gdecreuzeds@phoca.cz,Male,74.61.10.182,4041597428758559
498,Kata,Hanretty,khanrettydt@biglobe.ne.jp,Female,96.48.100.160,4636656568000
499,Dore,Brugman,dbrugmandu@sourceforge.net,Female,98.22.147.219,4017959473697209
500,Arabele,April,aaprildv@ucsd.edu,Agender,155.195.215.203,4385569867885478
501,Janie,Paik,jpaikdw@bbb.org,Female,94.152.188.185,4106035825219190
502,Olympie,Catt,ocattdx@sakura.ne.jp,Female,225.117.59.206,4017954262049175
503,Reidar,Klazenga,rklazengady@myspace.com,Male,89.201.145.216,4964851906423
504,Hermia,Hunt,hhuntdz@t.co,Female,138.167.52.107,4696797926432529
505,Harrison,Merali,hmeralie0@a8.net,Non-binary,109.46.38.130,4017951798016
506,Elsie,Broadhead,ebroadheade1@artisteer.com,Bigender,107.8.193.237,4313534029718
507,Amitie,Kenvin,akenvine2@meetup.com,Female,130.56.113.235,4017950060502407
508,Karel,Calvey,kcalveye3@ca.gov,Female,6.227.161.80,4017951603877
509,Purcell,O'Drought,podroughte4@princeton.edu,Male,88.164.57.17,4017956051965
510,Wendall,Esherwood,wesherwoode5@xrea.com,Male,147.222.188.211,4017951186270820
511,Easter,Houltham,ehoulthame6@sciencedaily.com,Female,107.106.202.163,4017957877764
512,Wainwright,Cordier,wcordiere7@mlb.com,Male,209.32.18.223,4041596958036253
513,Kellby,Cumo,kcumoe8@businesswire.com,Male,221.178.116.183,4041597541424
514,Ludvig,Underwood,lunderwoode9@java.com,Male,146.254.120.30,4380536187048165
515,Veronique,Galiero,vgalieroea@home.pl,Genderqueer,113.12.60.46,4041378372480254
516,Basilius,Bignall,bbignalleb@apache.org,Male,124.195.73.84,4041590709970902
517,Shell,Hazel,shazelec@yandex.ru,Non-binary,158.186.179.65,4041376529226240
518,Hilly,Spadeck,hspadecked@studiopress.com,Male,92.7.148.187,4008985187685660
519,Laverne,Emma,lemmaee@goo.gl,Female,51.254.22.178,4041371203407
520,Silvio,Eslinger,seslingeref@purevolume.com,Male,164.207.171.55,4041372720029
521,Ferdy,Stigers,fstigerseg@bravesites.com,Male,236.39.100.129,4041376361226
522,Mommy,Dyte,mdyteeh@issuu.com,Female,251.133.76.130,4433849727974254
523,Randi,Motton,rmottonei@lycos.com,Female,88.41.14.234,4017955398151
524,Lawrence,Kirwood,lkirwoodej@biglobe.ne.jp,Male,165.97.75.109,4041376113163106
525,Samaria,Marde,smardeek@marketwatch.com,Female,135.97.9.104,4041370335549
526,Melita,Fruish,mfruishel@mayoclinic.com,Female,139.243.159.182,4017958390163
527,Aubree,Pechold,apecholdem@networksolutions.com,Female,112.1.71.85,4041371455859916
528,Devlen,Gawthrop,dgawthropen@upenn.edu,Male,212.65.28.209,4041374663011866
529,Lacie,MacGovern,lmacgoverneo@bloomberg.com,Female,76.109.188.169,4041593278997
530,Ferdie,Honeywood,fhoneywoodep@homestead.com,Agender,83.162.111.217,4041599887148
531,Edlin,Garrit,egarriteq@whitehouse.gov,Male,59.192.27.175,4017958951189093
532,Thurston,Murrigans,tmurriganser@barnesandnoble.com,Male,230.21.153.200,4005372449901347
533,Jeanna,Duny,jdunyes@illinois.edu,Female,249.141.34.152,4041373781624
534,Hailey,Pomeroy,hpomeroyet@clickbank.net,Polygender,56.234.85.31,4041379928625
535,Tabby,Neeves,tneeveseu@blogspot.com,Male,215.63.171.219,4659335509781
536,Terrill,Outright,toutrightev@nifty.com,Male,99.199.14.192,4041374320533849
537,Robinson,Feckey,rfeckeyew@bluehost.com,Male,70.194.142.131,4041596895088698
538,Verna,Jankiewicz,vjankiewiczex@plala.or.jp,Female,71.121.251.93,4017955902574977
539,Pierre,Blannin,pblanniney@answers.com,Male,204.222.96.238,4041594709644
540,Michelle,Klimke,mklimkeez@whitehouse.gov,Female,177.159.132.171,4041375773634638
541,Charmion,Seabert,cseabertf0@addtoany.com,Female,97.54.243.94,4017957866215894
542,Christophe,Pattison,cpattisonf1@sphinn.com,Male,10.43.152.81,4041371053653
543,Cary,Filipponi,cfilipponif2@deviantart.com,Female,132.99.147.114,4041374055487062
544,Reg,Bristoe,rbristoef3@indiegogo.com,Male,182.154.113.253,4041370638580514
545,Tadio,Trengove,ttrengovef4@behance.net,Male,221.118.62.32,4017954018768
546,Alejandro,Antram,aantramf5@nps.gov,Male,248.102.36.147,4041377692033
547,Darb,Candy,dcandyf6@discovery.com,Female,93.178.27.3,4949295529472542
548,Nicki,LaBastida,nlabastidaf7@europa.eu,Female,36.180.167.56,4017955247200
549,Leigha,Anster,lansterf8@buzzfeed.com,Female,113.228.14.13,4322937413160330
550,Keely,Gilbertson,kgilbertsonf9@aboutads.info,Genderfluid,126.125.45.147,4041592697627312
551,Mareah,Easlea,measleafa@meetup.com,Genderfluid,61.145.210.147,4017953441219
552,Farris,Dutt,fduttfb@ebay.com,Male,97.15.193.99,4017951754051347
553,Augusto,Ranald,aranaldfc@soundcloud.com,Male,224.120.154.153,4041597716620
554,Abbie,Saggers,asaggersfd@constantcontact.com,Male,89.64.204.100,4041595632153302
555,Launce,Feasby,lfeasbyfe@weibo.com,Male,177.126.92.8,4017957450970433
556,Leontine,Finney,lfinneyff@sciencedaily.com,Female,101.129.144.230,4497148040805
557,Rey,Rochester,rrochesterfg@chronoengine.com,Female,101.175.47.154,4017957829458706
558,Corabelle,Ellin,cellinfh@earthlink.net,Female,117.186.64.125,4041597245320799
559,Maryjo,Faucherand,mfaucherandfi@123-reg.co.uk,Female,209.5.76.166,4057050117510
560,Catharine,Songest,csongestfj@squarespace.com,Female,109.110.115.82,4017952214362530
561,Lucien,Pounder,lpounderfk@epa.gov,Male,17.187.240.189,4041376165858
562,Halsy,Vassie,hvassiefl@sun.com,Male,2.71.249.81,4041379949969
563,Gayler,Perel,gperelfm@latimes.com,Male,112.202.146.71,4017950132843441
564,Langsdon,Daine,ldainefn@unc.edu,Male,75.132.52.157,4041371669965509
565,Tierney,Axford,taxfordfo@alibaba.com,Female,209.142.139.208,4017953722782
566,Drucy,Reinhardt,dreinhardtfp@noaa.gov,Female,24.38.140.23,4742046606425
567,Velma,Panas,vpanasfq@themeforest.net,Female,19.224.2.27,4041373396213021
568,Elvyn,Kennler,ekennlerfr@1und1.de,Male,241.108.185.115,4017951675554171
569,Anson,Punt,apuntfs@seattletimes.com,Male,232.106.202.10,4041370916626773
570,Roselin,Coghlan,rcoghlanft@skyrock.com,Polygender,38.40.83.156,4017959023196785
571,Dion,Townrow,dtownrowfu@over-blog.com,Male,173.241.105.182,4120361919048
572,Wilbur,Kermon,wkermonfv@tuttocitta.it,Male,225.24.119.70,4041375114899
573,Lester,Valenti,lvalentifw@bizjournals.com,Male,169.185.147.20,4041371905835383
574,Blair,Tollady,btolladyfx@rakuten.co.jp,Female,171.169.238.247,4041375956976
575,Neda,De Gouy,ndegouyfy@pcworld.com,Female,250.159.128.12,4017956969843552
576,Gage,Garraway,ggarrawayfz@home.pl,Male,47.65.185.36,4017953509338
577,Shawn,Gerckens,sgerckensg0@reuters.com,Female,95.141.32.161,4041596332809
578,Dallas,Elgie,delgieg1@xing.com,Bigender,201.8.230.132,4999617266555768
579,Coretta,Sugarman,csugarmang2@typepad.com,Female,34.126.88.58,4017954415386
580,Rip,Basire,rbasireg3@1688.com,Male,70.193.243.91,4041377540158
581,Jarret,Crecy,jcrecyg4@gravatar.com,Male,130.182.235.115,4041376843793255
582,Vallie,Beadel,vbeadelg5@altervista.org,Female,55.188.9.154,4155144962308772
583,Maurits,Sewart,msewartg6@state.tx.us,Male,254.148.3.158,4041599948146349
584,Siward,Sehorsch,ssehorschg7@nba.com,Male,162.14.128.145,4041596723221
585,Leone,Adnam,ladnamg8@edublogs.org,Female,226.133.167.110,4041372212892497
586,Massimo,Belin,mbeling9@weibo.com,Male,241.247.152.102,4017957762573180
587,Elwood,Schnitter,eschnitterga@slideshare.net,Male,168.13.190.101,4041372377184
588,Alfy,Hobben,ahobbengb@comsenz.com,Male,100.4.133.125,4041593829258844
589,Kennan,Stutte,kstuttegc@irs.gov,Male,250.21.206.253,4041373708981
590,Fanchon,McDougall,fmcdougallgd@nps.gov,Female,55.14.234.177,4017951708075665
591,Jameson,Lindenman,jlindenmange@berkeley.edu,Male,219.216.116.5,4017952546737
592,Estelle,Midgely,emidgelygf@squarespace.com,Female,36.202.201.9,4133709386671
593,Heddie,McKendo,hmckendogg@yelp.com,Female,125.133.4.112,4551986818936
594,Miriam,Spillman,mspillmangh@sitemeter.com,Non-binary,30.238.196.77,4041591144233
595,Chanda,Hateley,chateleygi@kickstarter.com,Female,223.175.22.184,4041595064535497
596,Pietra,Chancellor,pchancellorgj@acquirethisname.com,Female,216.164.174.135,4041590507933425
597,Bryant,Triplet,btripletgk@g.co,Male,181.53.128.4,4715985362493702
598,Farris,Lipprose,flipprosegl@ft.com,Male,164.79.211.194,4041375239803
599,Virge,Ducker,vduckergm@unc.edu,Male,188.44.139.36,4420547338612
600,Aguistin,Leate,aleategn@theatlantic.com,Male,160.146.176.54,4017956309223
601,Osborne,Frank,ofrankgo@google.cn,Male,52.129.53.125,4017951396966894
602,Guillemette,Denyagin,gdenyagingp@linkedin.com,Female,144.243.76.208,4017950962531207
603,Gloriane,Bartoszewicz,gbartoszewiczgq@dailymotion.com,Female,251.149.159.223,4041593786106
604,Esta,Sheed,esheedgr@myspace.com,Female,88.190.12.155,4087702164669
605,Abeu,Hawley,ahawleygs@wikipedia.org,Agender,122.75.186.55,4017956185095714
606,Brita,Joy,bjoygt@upenn.edu,Female,137.163.158.174,4041371958767228
607,Tulley,Shilliday,tshillidaygu@woothemes.com,Male,17.88.143.80,4403026639494
608,Lucie,Fazakerley,lfazakerleygv@lycos.com,Female,144.43.118.237,4741672433644210
609,Nevil,Beards,nbeardsgw@netscape.com,Male,180.228.179.0,4901910140055163
610,Opal,Lamburne,olamburnegx@networkadvertising.org,Female,90.26.8.241,4215051214023380
611,Lyell,Canelas,lcanelasgy@vistaprint.com,Non-binary,144.192.39.10,4041374717643
612,Morey,Silkston,msilkstongz@ask.com,Male,143.197.140.60,4017958917320
613,Drucill,Dombrell,ddombrellh0@soundcloud.com,Female,155.165.191.112,4723892392714737
614,Aldon,Satterley,asatterleyh1@dagondesign.com,Male,79.146.151.187,4041593588629045
615,Bambi,Churn,bchurnh2@dedecms.com,Female,95.32.27.141,4017957731473801
616,Cullen,Carlisso,ccarlissoh3@xinhuanet.com,Male,137.4.65.242,4017956410303685
617,Alfred,Buttler,abuttlerh4@nasa.gov,Male,46.253.198.72,4872001916925972
618,Kelby,Eskriet,keskrieth5@simplemachines.org,Male,11.218.118.130,4041598847124803
619,Cece,Schubert,cschuberth6@goodreads.com,Male,225.153.110.151,4041593129653
620,Catlee,Housiaux,chousiauxh7@fastcompany.com,Female,122.60.207.43,4041590358651
621,Humfrey,Bragg,hbraggh8@cmu.edu,Male,83.103.81.216,4717027237568299
622,Freeman,McCaskill,fmccaskillh9@boston.com,Male,72.11.7.229,4492289768389
623,Orazio,Fresson,ofressonha@flavors.me,Male,176.227.18.176,4041375718806
624,Issy,Volcker,ivolckerhb@opera.com,Female,219.239.202.164,4017957001783236
625,Rriocard,Troop,rtroophc@tiny.cc,Male,107.91.254.110,4041379682830477
626,Karlis,Brislawn,kbrislawnhd@google.com,Male,225.231.237.194,4041379515637602
627,Felicia,Anthill,fanthillhe@ftc.gov,Female,116.204.51.150,4041592996276
628,Jase,Gipp,jgipphf@fda.gov,Male,70.29.155.181,4041374039127586
629,Bendick,Getcliffe,bgetcliffehg@tinypic.com,Male,133.46.233.156,4044005380542
630,Orazio,Diwell,odiwellhh@cnbc.com,Male,81.193.209.184,4573153035207527
631,Rafael,Jacombs,rjacombshi@cnn.com,Male,89.11.44.183,4238738427953675
632,Cecilia,Checketts,ccheckettshj@github.com,Female,48.189.10.132,4787083922912
633,Marlene,Goodband,mgoodbandhk@irs.gov,Female,175.46.114.8,4041376031787
634,Debor,Sparshatt,dsparshatthl@dedecms.com,Genderqueer,24.223.36.60,4041597608887913
635,Herschel,Giacovazzo,hgiacovazzohm@digg.com,Male,51.21.70.34,4017950275115177
636,Gran,Duprey,gdupreyhn@icio.us,Male,217.136.160.168,4503570158021
637,Alia,Cella,acellaho@goo.gl,Bigender,108.148.237.24,4041597333251
638,Giulietta,Jammet,gjammethp@woothemes.com,Female,2.178.45.166,4041595902420
639,Isidro,Flaxon,iflaxonhq@vistaprint.com,Male,217.113.239.115,4041598093664
640,Dorine,Harrison,dharrisonhr@wikimedia.org,Female,35.1.228.227,4041370690133
641,Ruthanne,Kilcullen,rkilcullenhs@pinterest.com,Female,8.194.154.222,4041598839084296
642,Cilka,Stillman,cstillmanht@ted.com,Agender,249.164.212.74,4017957171551728
643,Carny,Emer,cemerhu@toplist.cz,Male,247.32.9.215,4697983000889375
644,Tera,Neaverson,tneaversonhv@home.pl,Agender,141.46.39.50,4173243486736
645,Lindsay,Castelyn,lcastelynhw@devhub.com,Male,95.24.82.16,4041376957358234
646,Ingeberg,Wathan,iwathanhx@biglobe.ne.jp,Female,224.215.115.137,4041370614605319
647,Ingmar,Boich,iboichhy@sitemeter.com,Male,57.170.232.210,4041376390266
648,Germaine,Tremellier,gtremellierhz@businessinsider.com,Male,38.157.252.9,4041377123763224
649,Dave,Andrini,dandrinii0@prnewswire.com,Male,30.178.31.171,4017954359732279
650,Clarice,Marson,cmarsoni1@ibm.com,Female,33.208.246.20,4041592929483427
651,Thatch,Gower,tgoweri2@chronoengine.com,Male,54.60.226.155,4041372370943256
652,Cristin,Howieson,chowiesoni3@wordpress.com,Female,226.138.139.175,4022597792230600
653,Manfred,Heinemann,mheinemanni4@yahoo.co.jp,Male,70.220.2.37,4079555011923
654,Di,Hutsby,dhutsbyi5@nbcnews.com,Female,8.207.253.239,4041376676847
655,Lona,McKeowon,lmckeowoni6@jalbum.net,Bigender,1.176.192.163,4041591665807
656,Etienne,Bordes,ebordesi7@miibeian.gov.cn,Male,57.154.52.27,4041595231952
657,Harley,Lionel,hlioneli8@geocities.jp,Male,44.20.42.65,4041596107874869
658,Tabb,Wassung,twassungi9@360.cn,Male,118.237.4.120,4041592874214116
659,Erna,Rozanski,erozanskiia@usa.gov,Female,1.254.150.219,4017953444221
660,Nissie,Bilbie,nbilbieib@hugedomains.com,Female,255.187.70.218,4017958273583
661,Jeana,Reaney,jreaneyic@canalblog.com,Female,63.165.65.117,4017955180960641
662,Caty,Hadlington,chadlingtonid@ftc.gov,Genderqueer,64.207.93.44,4485255089392
663,Skippy,Jeeks,sjeeksie@blogspot.com,Male,19.80.140.133,4184480057708053
664,Yance,Ainger,yaingerif@comcast.net,Male,142.138.62.88,4017950233478
665,Myra,Treske,mtreskeig@huffingtonpost.com,Bigender,230.82.30.192,4515438850813
666,Chrisse,Winterscale,cwinterscaleih@jalbum.net,Male,74.103.207.107,4041599973286
667,Myrna,Terrelly,mterrellyii@va.gov,Female,17.75.198.147,4017958455800
668,Oralia,Melling,omellingij@t.co,Female,205.162.155.146,4861628307257251
669,Towny,Mompesson,tmompessonik@reference.com,Male,190.19.215.247,4041376933940105
670,Laverne,Coston,lcostonil@chronoengine.com,Female,231.108.72.65,4337327696748
671,Gwendolyn,Harrowsmith,gharrowsmithim@patch.com,Female,197.50.71.113,4041599169547
672,Kellina,Healing,khealingin@com.com,Female,112.106.132.30,4017953024104195
673,Brett,Moyes,bmoyesio@businessweek.com,Male,174.10.68.171,4041596723684
674,Franky,Keson,fkesonip@blogtalkradio.com,Female,30.11.92.148,4492308340263809
675,Livvy,Monkley,lmonkleyiq@chronoengine.com,Female,112.93.121.213,4041378366230921
676,Sascha,Obern,sobernir@bbc.co.uk,Female,121.131.186.168,4041595319484
677,Nelle,Whitelock,nwhitelockis@yelp.com,Genderqueer,41.185.218.143,4041594808880806
678,Rip,Skitterel,rskitterelit@chron.com,Male,165.92.89.43,4041593050290904
679,Sorcha,Fleming,sflemingiu@bluehost.com,Genderfluid,252.202.114.231,4041379603054777
680,Zebadiah,Warsop,zwarsopiv@hatena.ne.jp,Male,197.172.183.125,4017956431282405
681,Stacy,Hurkett,shurkettiw@cnet.com,Female,192.8.54.79,4017950487496
682,Noelyn,Coen,ncoenix@arizona.edu,Female,140.174.36.255,4364742494992364
683,Merrick,Rosedale,mrosedaleiy@dagondesign.com,Male,185.217.234.21,4365487144977014
684,Moss,Heindle,mheindleiz@vinaora.com,Male,86.211.6.193,4041378337149796
685,Dudley,Karoly,dkarolyj0@discovery.com,Male,122.30.234.161,4631202574608916
686,Devinne,Dendle,ddendlej1@redcross.org,Female,88.200.100.0,4017954593232
687,Bennie,Konzel,bkonzelj2@free.fr,Female,39.102.233.82,4157303529683
688,Orion,Gilks,ogilksj3@cisco.com,Male,18.26.121.37,4041594534452284
689,Alene,Haswell,ahaswellj4@vkontakte.ru,Female,242.31.26.77,4041594568551258
690,Beatrix,Garside,bgarsidej5@nifty.com,Genderfluid,145.120.101.3,4017956529877447
691,Aurie,Nealand,anealandj6@ca.gov,Female,170.203.35.166,4041370346306533
692,Alex,Bailey,abaileyj7@tumblr.com,Male,227.180.26.80,4041596786434
693,Kippie,Wort,kwortj8@nbcnews.com,Female,121.187.205.159,4041591173557423
694,Kelby,Clements,kclementsj9@ebay.co.uk,Male,242.132.169.123,4017958047397452
695,Annabella,Keaveny,akeavenyja@flavors.me,Female,141.37.238.133,4091516358429865
696,Brent,Grzegorzewicz,bgrzegorzewiczjb@feedburner.com,Male,216.116.37.225,4041595343540722
697,Wat,Dolphin,wdolphinjc@linkedin.com,Male,131.78.58.205,4721486030668
698,Frederich,Sondon,fsondonjd@npr.org,Male,9.194.116.107,4041599940434
699,Barron,Marchiso,bmarchisoje@indiegogo.com,Male,57.38.124.54,4041372629187549
700,Korrie,Dockree,kdockreejf@fotki.com,Female,50.55.84.144,4041371341425682
701,Read,Graddon,rgraddonjg@facebook.com,Male,4.223.75.66,4017953949070
702,Eben,Larver,elarverjh@dell.com,Male,3.127.176.153,4041371574107148
703,Fulton,Jaouen,fjaouenji@histats.com,Male,214.93.67.2,4041590453744792
704,Xerxes,Llewhellin,xllewhellinjj@linkedin.com,Agender,15.232.129.147,4439098229764
705,Hall,Rosenstiel,hrosenstieljk@redcross.org,Male,2.15.88.165,4041599644381950
706,Beau,Cranmore,bcranmorejl@dailymail.co.uk,Male,247.255.180.187,4041375642550
707,Kristofer,Tod,ktodjm@webnode.com,Male,67.50.98.58,4152563914900886
708,Cameron,Jerzyk,cjerzykjn@goo.gl,Male,141.33.95.60,4238213522222
709,Christie,Doctor,cdoctorjo@lulu.com,Male,4.158.106.83,4041599022182251
710,Cam,Tunnow,ctunnowjp@time.com,Male,74.245.191.202,4041373318880
711,Selene,Menear,smenearjq@ftc.gov,Female,255.54.233.254,4041590311024841
712,Kirstin,Cromwell,kcromwelljr@si.edu,Female,229.43.227.195,4418194072500
713,Barbara-anne,Thresh,bthreshjs@mozilla.com,Female,215.85.116.158,4017951951794350
714,Averil,Tubritt,atubrittjt@amazon.de,Female,32.40.188.128,4536564568102
715,Tawnya,Bampfield,tbampfieldju@drupal.org,Female,129.105.247.185,4017952499105067
716,Cass,Linford,clinfordjv@merriam-webster.com,Polygender,104.225.207.122,4519022298892
717,Andre,Alldis,aalldisjw@answers.com,Male,102.147.74.160,4041592389498
718,Hurlee,Mottershaw,hmottershawjx@soundcloud.com,Male,35.115.73.14,4041374304689716
719,Kippie,Braun,kbraunjy@businessinsider.com,Female,26.101.245.223,4017957139578987
720,Annis,Maudett,amaudettjz@indiatimes.com,Female,52.229.120.46,4041598685063
721,Hedvig,MacInnes,hmacinnesk0@jigsy.com,Female,243.2.83.85,4041373096411
722,Zach,Tellenbroker,ztellenbrokerk1@desdev.cn,Male,57.98.138.42,4041591088159562
723,Reube,Duddan,rduddank2@163.com,Male,116.35.156.108,4017950410266
724,Clarabelle,McAughtry,cmcaughtryk3@theguardian.com,Female,60.20.93.242,4017952814450099
725,Gisella,Jowsey,gjowseyk4@aboutads.info,Female,82.150.221.102,4017950959080
726,Ralph,Girardini,rgirardinik5@ebay.com,Male,132.187.1.64,4260306647567
727,Terrance,Cockley,tcockleyk6@mac.com,Agender,233.223.22.47,4041596826016
728,Bink,Aldersey,balderseyk7@google.fr,Male,127.223.126.57,4041595986548
729,Hillary,Jochens,hjochensk8@howstuffworks.com,Female,93.166.5.118,4059401068335
730,Brandie,McBeith,bmcbeithk9@miitbeian.gov.cn,Female,45.122.144.73,4041595216292
731,Rainer,Wallas,rwallaska@is.gd,Male,140.51.133.69,4662439953632
732,Rockey,Folger,rfolgerkb@ning.com,Male,105.41.19.187,4041595558108207
733,Tibold,Skeffington,tskeffingtonkc@alexa.com,Male,7.223.63.104,4041594987030686
734,Nikki,Gostyke,ngostykekd@meetup.com,Male,27.132.151.249,4017952712701
735,Shaine,Ruck,sruckke@wikipedia.org,Non-binary,4.239.79.92,4838742877052
736,Beckie,Allberry,ballberrykf@drupal.org,Female,167.245.1.237,4041375377579
737,Cornelia,Andrieu,candrieukg@narod.ru,Female,216.217.138.132,4041370332582410
738,Darelle,Hutley,dhutleykh@bluehost.com,Female,250.55.116.65,4017950354936
739,Brockie,Geffcock,bgeffcockki@gov.uk,Male,139.10.159.110,4041371115831685
740,Tamarra,Rouf,troufkj@myspace.com,Female,180.98.60.121,4100026910368
741,Abelard,Tolhurst,atolhurstkk@hugedomains.com,Male,109.7.249.197,4017954383998
742,Maurie,Mankor,mmankorkl@weather.com,Male,7.9.54.50,4041598056829084
743,Vale,Rennock,vrennockkm@smh.com.au,Male,73.156.44.203,4041377146964460
744,Avrom,Juschka,ajuschkakn@miibeian.gov.cn,Male,114.94.155.15,4041373388959847
745,Federica,Cohen,fcohenko@boston.com,Female,100.134.49.62,4357319280800728
746,Rebekah,Dellatorre,rdellatorrekp@ow.ly,Female,36.179.227.90,4164509096897
747,Rolland,Abele,rabelekq@bizjournals.com,Agender,118.255.162.148,4041374284668037
748,Gerome,Giacobbo,ggiacobbokr@lulu.com,Male,15.56.11.34,4269391451129739
749,Ado,Hundley,ahundleyks@twitter.com,Male,199.38.220.175,4253711508029
750,Sven,Mongain,smongainkt@time.com,Male,248.245.54.114,4041377727748
751,Basia,Cockson,bcocksonku@51.la,Female,155.248.193.39,4041590263426564
752,Anthony,Troyes,atroyeskv@squidoo.com,Male,173.9.9.164,4041597173947
753,Cirilo,Simakov,csimakovkw@smh.com.au,Non-binary,213.221.87.191,4041592405005
754,Marcello,Lelievre,mlelievrekx@redcross.org,Male,51.136.77.213,4017959444204358
755,Allie,Debnam,adebnamky@washington.edu,Female,88.192.81.231,4219275087920002
756,Ravid,Shailer,rshailerkz@google.de,Male,243.87.101.185,4041370739634129
757,Vaclav,Milham,vmilhaml0@cbslocal.com,Male,69.97.54.95,4041374750586
758,Bernardine,Aubin,baubinl1@merriam-webster.com,Female,214.235.189.109,4041595712074790
759,Jere,Farens,jfarensl2@alexa.com,Male,122.106.106.213,4842427615027
760,Mort,Falco,mfalcol3@dyndns.org,Male,246.113.189.7,4041373811405
761,Iggie,Ironmonger,iironmongerl4@ebay.com,Male,117.207.136.86,4017951327428378
762,Hugh,Unitt,hunittl5@biglobe.ne.jp,Male,73.28.87.9,4041593921190
763,Arni,Bedbrough,abedbroughl6@archive.org,Polygender,109.60.115.241,4041374169509751
764,Maiga,McIlmorow,mmcilmorowl7@nih.gov,Female,173.158.150.42,4041372213652
765,Oliver,Aleshkov,oaleshkovl8@sina.com.cn,Male,248.207.11.121,4017950451393
766,Vanessa,Cruce,vcrucel9@smugmug.com,Female,126.23.14.94,4041596251093225
767,Gayelord,Searles,gsearlesla@mail.ru,Male,195.76.156.177,4318476820420
768,Krysta,Jerschke,kjerschkelb@cbc.ca,Female,112.75.252.191,4041377809630275
769,Neil,Langhorne,nlanghornelc@xing.com,Male,53.26.151.237,4041377368149444
770,Kalvin,Bingle,kbingleld@jiathis.com,Male,30.95.4.70,4041591817850077
771,Northrup,Studeart,nstudeartle@typepad.com,Male,63.10.167.101,4017956959679750
772,Ardyth,Garvan,agarvanlf@shinystat.com,Genderqueer,200.174.128.147,4069882272546
773,Myron,Ludwikiewicz,mludwikiewiczlg@paypal.com,Male,93.85.35.203,4041598237430695
774,Susannah,Kaley,skaleylh@apache.org,Female,232.147.38.232,4546582957742240
775,Yvette,Sillito,ysillitoli@techcrunch.com,Female,138.67.184.116,4041592454631176
776,Zebulen,Troyes,ztroyeslj@issuu.com,Genderfluid,135.211.231.156,4017958979472398
777,Emlyn,Stirman,estirmanlk@naver.com,Agender,206.5.127.249,4017950750426941
778,Erick,Jeskin,ejeskinll@nasa.gov,Male,15.142.72.127,4017952847300600
779,Amelie,Yurkov,ayurkovlm@usa.gov,Female,108.207.140.80,4041590265606304
780,Robbin,Illem,rillemln@cmu.edu,Bigender,80.89.89.152,4041591791426233
781,Earle,Dowty,edowtylo@issuu.com,Male,80.189.153.159,4779661838430775
782,Cyndia,Burke,cburkelp@list-manage.com,Female,92.65.98.0,4861790258313697
783,Jacquette,Twinborough,jtwinboroughlq@rediff.com,Female,6.201.146.32,4041592843981
784,Millie,McIlory,mmcilorylr@squarespace.com,Female,34.31.183.191,4041590824032224
785,Germayne,Reddecliffe,greddecliffels@bandcamp.com,Male,59.0.102.12,4017955375608369
786,Bartholomeus,Barlace,bbarlacelt@ycombinator.com,Male,188.55.69.141,4041371787698
787,Adel,Stain,astainlu@cmu.edu,Female,70.35.243.100,4554683290120398
788,Rich,Goldson,rgoldsonlv@unblog.fr,Male,126.105.223.111,4041372951764659
789,Roosevelt,Hawson,rhawsonlw@dropbox.com,Male,235.115.79.61,4041593687817
790,Jaymie,Tebbit,jtebbitlx@foxnews.com,Male,11.30.185.146,4041599720265
791,Guss,Issacov,gissacovly@mac.com,Male,4.108.33.240,4017954526469391
792,Kinny,Wharlton,kwharltonlz@mapy.cz,Genderqueer,66.28.245.38,4041376463236999
793,Felipe,Ruste,frustem0@furl.net,Male,50.156.131.217,4685522475469794
794,Jemie,Dobrowlski,jdobrowlskim1@utexas.edu,Female,231.150.46.155,4041370069903003
795,Janie,Hockey,jhockeym2@smugmug.com,Female,235.101.47.212,4041597983162
796,Michelle,Gudd,mguddm3@bloomberg.com,Female,127.226.148.236,4017959545682
797,Mortimer,Skea,mskeam4@unesco.org,Male,231.200.22.50,4041597158015220
798,Kerry,Aylmore,kaylmorem5@pbs.org,Male,134.216.182.130,4017950078408803
799,Hinze,Beadham,hbeadhamm6@bing.com,Male,52.70.171.226,4707027854088
800,Gigi,Faughnan,gfaughnanm7@devhub.com,Non-binary,160.218.70.245,4041372851675
801,Kip,Naul,knaulm8@cam.ac.uk,Female,156.37.132.224,4017957965536
802,Herrick,Doumic,hdoumicm9@columbia.edu,Male,224.172.121.251,4017959967449
803,Kenny,Flippini,kflippinima@sohu.com,Male,224.27.90.170,4041370428625
804,Aubert,Harriday,aharridaymb@php.net,Male,129.89.134.61,4041372260661
805,Orv,Cheavin,ocheavinmc@un.org,Male,215.49.187.235,4017959423401
806,Augy,White,awhitemd@hatena.ne.jp,Male,143.21.79.224,4474984382591
807,Kristyn,McBeith,kmcbeithme@wufoo.com,Female,215.50.242.192,4017951253554486
808,Kitty,Storry,kstorrymf@opensource.org,Female,112.11.6.183,4496848704052740
809,Zacharia,O'Malley,zomalleymg@huffingtonpost.com,Male,95.5.142.176,4041594671174
810,Marcile,Carmo,mcarmomh@tuttocitta.it,Female,116.50.2.212,4041591313564
811,Felita,Syder,fsydermi@4shared.com,Female,198.74.25.120,4041591154885
812,Goldarina,Brumble,gbrumblemj@infoseek.co.jp,Female,69.97.157.132,4017955298731751
813,Gram,Antusch,gantuschmk@dion.ne.jp,Male,80.64.82.144,4041591409714079
814,Jenelle,Parham,jparhamml@howstuffworks.com,Female,24.230.251.137,4041592681530
815,Kizzee,Stock,kstockmm@istockphoto.com,Female,151.22.231.101,4551927740361349
816,Doreen,Willcock,dwillcockmn@economist.com,Female,217.74.248.63,4430593345221
817,Robyn,Huebner,rhuebnermo@wiley.com,Female,137.116.239.140,4041377460399
818,Kandace,Wood,kwoodmp@storify.com,Female,193.235.71.176,4973102433901864
819,Kelvin,Bessent,kbessentmq@yahoo.co.jp,Male,76.44.85.161,4400665652768464
820,Rea,Stronghill,rstronghillmr@hp.com,Female,242.197.44.161,4543745911488324
821,Huntley,Ricardon,hricardonms@state.gov,Male,196.65.70.171,4979016583958
822,Kyle,Stammler,kstammlermt@nps.gov,Bigender,96.168.210.235,4041370697354132
823,Shawn,Bernhard,sbernhardmu@ameblo.jp,Female,67.184.200.169,4017954487542
824,Lorne,MacVay,lmacvaymv@blogspot.com,Male,7.224.165.152,4041596378314918
825,Brittney,Ryding,brydingmw@wisc.edu,Female,163.179.208.112,4017950107786831
826,Oran,Clutterham,oclutterhammx@51.la,Male,112.191.165.80,4017957773625
827,Marietta,McQuaide,mmcquaidemy@dyndns.org,Male,220.18.245.105,4719415139691
828,Tiphany,Cavolini,tcavolinimz@guardian.co.uk,Female,144.100.61.202,4041373417294232
829,Yvonne,Elacoate,yelacoaten0@telegraph.co.uk,Female,247.85.178.42,4017958405555295
830,Gerhardt,Cobbing,gcobbingn1@aboutads.info,Male,66.28.24.167,4017951590918
831,Gretel,Wrigley,gwrigleyn2@last.fm,Bigender,3.31.195.135,4041379935703224
832,Jed,King,jkingn3@engadget.com,Male,101.222.142.119,4041370569922172
833,Karlie,Columbell,kcolumbelln4@nyu.edu,Female,175.131.141.108,4041592559694
834,Renault,Cussen,rcussenn5@abc.net.au,Male,9.80.96.120,4017958140886831
835,Avram,Synnot,asynnotn6@forbes.com,Bigender,250.244.185.150,4041592906798995
836,Freddie,Blaxlande,fblaxlanden7@meetup.com,Female,106.215.199.0,4041591581748168
837,Billie,Botterill,bbotterilln8@mysql.com,Male,199.88.230.234,4041593958598
838,Salim,McGowran,smcgowrann9@w3.org,Polygender,210.84.47.93,4041593974826973
839,Magdalene,Cheal,mchealna@nbcnews.com,Female,170.209.251.101,4017956298053
840,Christophe,O'Crevan,cocrevannb@miitbeian.gov.cn,Male,60.74.41.153,4041372706556
841,Fanechka,Canelas,fcanelasnc@unblog.fr,Female,15.45.242.241,4041379635203459
842,Debbi,Harby,dharbynd@hhs.gov,Female,109.232.98.4,4017955188647109
843,Conny,Thirsk,cthirskne@springer.com,Male,32.200.195.50,4017950288654
844,Ervin,Spurdens,espurdensnf@goo.ne.jp,Male,50.249.143.46,4041599034022
845,Ulric,Jerger,ujergerng@godaddy.com,Male,53.44.133.75,4041370445900
846,Bernita,Veillard,bveillardnh@desdev.cn,Female,205.46.38.145,4041377883831286
847,Freemon,Redsull,fredsullni@delicious.com,Male,39.185.198.8,4597366000308540
848,Inigo,Tomkins,itomkinsnj@indiatimes.com,Male,156.83.87.129,4041591200480664
849,Lynne,Alban,lalbannk@psu.edu,Female,51.126.97.128,4041377849344
850,Lennard,Larham,llarhamnl@e-recht24.de,Male,0.54.231.44,4041375758062144
851,Frans,Pecha,fpechanm@walmart.com,Male,97.219.62.20,4041370116396086
852,Shurwood,MacCardle,smaccardlenn@columbia.edu,Male,105.35.96.10,4041590593182
853,Hakim,Leghorn,hleghornno@mashable.com,Male,228.51.128.212,4041594858595361
854,Ardyth,Kinnear,akinnearnp@imdb.com,Female,46.99.231.153,4017953336685691
855,Minne,Joire,mjoirenq@admin.ch,Female,247.80.144.166,4991029740079
856,Bronnie,Barnaby,bbarnabynr@nifty.com,Male,113.42.146.214,4819539789593
857,Kerry,McCuis,kmccuisns@amazon.co.jp,Genderqueer,42.29.175.117,4041379004532181
858,Gavrielle,Long,glongnt@msu.edu,Female,30.170.250.139,4017951008424
859,Friederike,Scroyton,fscroytonnu@theguardian.com,Genderfluid,201.8.49.34,4524167334312
860,Ozzie,Tschursch,otschurschnv@newyorker.com,Male,51.9.67.30,4721841167615506
861,Amberly,McKevany,amckevanynw@arizona.edu,Female,137.91.163.223,4041596509162814
862,Rochelle,Drabble,rdrabblenx@barnesandnoble.com,Female,252.159.187.220,4476764026827012
863,Miner,Graeme,mgraemeny@linkedin.com,Male,112.174.55.107,4041599758057107
864,Ramonda,Dumbar,rdumbarnz@delicious.com,Female,28.156.95.252,4017959273676569
865,Dawna,Drewell,ddrewello0@taobao.com,Female,56.59.85.102,4041598542827
866,Broderic,Runacres,brunacreso1@bloomberg.com,Male,79.154.53.84,4809797431143417
867,Chrysa,Backes,cbackeso2@jugem.jp,Non-binary,161.40.148.136,4017955129903
868,Devan,Gealle,dgealleo3@github.com,Female,36.144.100.253,4041373342849
869,Karl,Goodhay,kgoodhayo4@mayoclinic.com,Male,2.106.226.149,4142244004582
870,Farlie,Kirwin,fkirwino5@istockphoto.com,Male,19.124.115.46,4041590943155
871,Alfredo,Eseler,aeselero6@va.gov,Polygender,25.232.43.47,4041373487693
872,Geoff,Martill,gmartillo7@163.com,Polygender,94.103.63.61,4041371339270603
873,Willard,Charlotte,wcharlotteo8@engadget.com,Male,85.88.112.150,4041592907794
874,Ashley,Booeln,abooelno9@vinaora.com,Female,112.131.103.248,4041595035007402
875,Beniamino,Beckenham,bbeckenhamoa@bloomberg.com,Male,249.75.223.195,4041590857559432
876,Andree,Dillon,adillonob@flickr.com,Female,12.8.40.50,4041376433406342
877,Lyndsay,Acheson,lachesonoc@nbcnews.com,Female,84.97.44.55,4928017747815
878,Alla,Kelsow,akelsowod@facebook.com,Female,102.221.163.86,4017955375050
879,Felipa,Wint,fwintoe@dyndns.org,Female,121.43.165.138,4041377942250288
880,Natalya,Harriot,nharriotof@smugmug.com,Female,66.229.129.163,4400745910933
881,Gideon,Beecraft,gbeecraftog@zimbio.com,Male,213.54.255.27,4909857213761
882,Nita,Hanhart,nhanhartoh@acquirethisname.com,Female,39.17.173.108,4551339818377
883,Murvyn,Patriskson,mpatrisksonoi@discuz.net,Male,17.10.249.141,4041591496544264
884,Magdalen,Copyn,mcopynoj@w3.org,Female,156.90.58.194,4041594571963441
885,Anestassia,McCloughlin,amccloughlinok@princeton.edu,Female,203.183.63.68,4750649513973048
886,Abrahan,Gasking,agaskingol@fastcompany.com,Male,45.7.63.153,4017954350926763
887,Sallie,Blazevic,sblazevicom@ezinearticles.com,Polygender,141.206.113.34,4041375443330
888,Sunshine,Boulden,sbouldenon@scientificamerican.com,Female,178.172.16.36,4041377810999644
889,Wilburt,Davydkov,wdavydkovoo@nsw.gov.au,Male,23.127.158.97,4041592724470
890,Merla,Boichat,mboichatop@techcrunch.com,Female,97.97.34.221,4041595089467
891,Rozalie,Shimmin,rshimminoq@hp.com,Female,70.30.184.9,4041372282701214
892,Tamarah,Hornig,thornigor@delicious.com,Female,224.184.177.138,4041591379131163
893,Haily,Abrey,habreyos@diigo.com,Male,103.37.66.176,4017957584959153
894,Georgiana,Corrado,gcorradoot@ucsd.edu,Female,84.254.212.24,4041598167862388
895,Candace,Yanuk,cyanukou@weebly.com,Female,135.178.179.249,4704579661174536
896,Lorry,Felmingham,lfelminghamov@hugedomains.com,Polygender,110.81.227.98,4041590182325
897,Neysa,Mouser,nmouserow@mapquest.com,Female,73.46.245.39,4017956166052
898,Roderick,Rhodes,rrhodesox@oakley.com,Male,200.25.151.214,4041373944500358
899,Kiri,Shelper,kshelperoy@myspace.com,Female,139.100.188.204,4041594687345
900,Swen,Pharrow,spharrowoz@mit.edu,Male,30.112.44.193,4041599242286
901,Bethanne,Message,bmessagep0@wisc.edu,Female,71.191.47.109,4017955172406223
902,Garvey,Martinolli,gmartinollip1@blogs.com,Male,250.236.209.13,4041372434089955
903,Slade,Kleehuhler,skleehuhlerp2@g.co,Genderqueer,131.144.175.36,4041596297309
904,Sanford,Yegorovnin,syegorovninp3@woothemes.com,Male,232.136.157.166,4017959488827890
905,Franchot,Rookesby,frookesbyp4@google.it,Male,2.139.225.91,4041372284478605
906,Royal,Drew,rdrewp5@usgs.gov,Male,240.183.242.4,4041590787149
907,Brnaby,Lambol,blambolp6@mit.edu,Male,5.132.28.23,4885418557880
908,Garry,Sizland,gsizlandp7@forbes.com,Male,224.125.165.5,4448046291472418
909,Franky,Muldowney,fmuldowneyp8@bloomberg.com,Male,91.37.107.213,4041590167219
910,Oralee,Letessier,oletessierp9@diigo.com,Female,253.59.117.166,4041375647351
911,Wayne,Billion,wbillionpa@howstuffworks.com,Male,99.108.208.177,4017957777634
912,Noellyn,Shord,nshordpb@wikipedia.org,Female,83.45.138.119,4017959252834
913,Kizzie,Rourke,krourkepc@jugem.jp,Female,115.240.237.235,4041593061484
914,Orelia,Flieger,ofliegerpd@google.nl,Agender,42.195.107.63,4041375040490
915,Llewellyn,Reddecliffe,lreddecliffepe@ihg.com,Male,228.67.159.88,4041598850493
916,Alano,Gaine of England,againeofenglandpf@virginia.edu,Male,172.110.167.145,4017954027736
917,Trina,Awdry,tawdrypg@unesco.org,Genderfluid,195.127.172.38,4017957410343
918,Elbertina,Koppelmann,ekoppelmannph@bing.com,Female,103.69.57.66,4094213002451373
919,Lyda,Feldon,lfeldonpi@flavors.me,Female,75.108.165.15,4017950533115316
920,Ursa,Rolf,urolfpj@bloomberg.com,Female,70.115.183.27,4179935978981417
921,Rachele,Manuelli,rmanuellipk@examiner.com,Female,253.224.101.227,4017952574583261
922,Nowell,Yockley,nyockleypl@google.com.au,Male,189.179.132.130,4041592260691950
923,Bunny,Thomason,bthomasonpm@soundcloud.com,Female,119.142.206.45,4017954254069157
924,Gabrielle,Barreau,gbarreaupn@examiner.com,Female,134.47.106.242,4041374979364363
925,Deina,Headech,dheadechpo@google.co.jp,Female,190.73.175.140,4041596862995
926,Mercie,Skipsey,mskipseypp@nationalgeographic.com,Female,92.232.217.77,4041599652518
927,Ambrosi,Dalglish,adalglishpq@illinois.edu,Male,74.88.136.95,4041373842855
928,Coleen,De Cruce,cdecrucepr@gnu.org,Female,150.183.35.138,4017954850608
929,Coretta,Iacovone,ciacovoneps@bing.com,Female,81.91.159.160,4645092429819956
930,Poul,Pretorius,ppretoriuspt@sun.com,Male,144.178.103.101,4017953346244
931,Shepard,Brockton,sbrocktonpu@netlog.com,Male,62.13.39.207,4012931480206253
932,Corrina,Clemo,cclemopv@arizona.edu,Female,229.122.118.146,4041374754277350
933,Lucie,Ivanishin,livanishinpw@npr.org,Female,201.249.89.201,4017950836407907
934,Perle,Breach,pbreachpx@stumbleupon.com,Female,145.139.139.148,4017955093150520
935,Alix,Auty,aautypy@bigcartel.com,Female,254.1.45.39,4017951188457
936,Eolanda,Bundy,ebundypz@flavors.me,Female,186.179.201.51,4041593500825168
937,Michelle,Cutler,mcutlerq0@scientificamerican.com,Female,124.49.98.185,4858813042085739
938,Marchall,Younghusband,myounghusbandq1@statcounter.com,Male,124.102.146.233,4645426340094176
939,Tate,Scotchford,tscotchfordq2@ebay.com,Female,168.153.168.36,4041595176151043
940,Herb,Chisholme,hchisholmeq3@photobucket.com,Male,134.58.225.13,4041599962151217
941,Letti,Colquyte,lcolquyteq4@altervista.org,Female,50.192.60.35,4336098871746
942,Gwenore,Bruno,gbrunoq5@imgur.com,Female,59.233.125.147,4041379264146
943,Arabela,Wittke,awittkeq6@jimdo.com,Female,68.121.63.24,4384474464915383
944,Hendrika,Markwell,hmarkwellq7@ibm.com,Female,116.35.31.87,4041374702097132
945,Carlen,Attreed,cattreedq8@geocities.jp,Female,122.255.195.26,4017954434650
946,Brittney,Stubbes,bstubbesq9@unblog.fr,Female,120.106.99.133,4437327992908394
947,Violet,Doel,vdoelqa@narod.ru,Polygender,229.24.251.49,4017955249826
948,Maribelle,Favey,mfaveyqb@amazonaws.com,Female,99.45.230.211,4017956023606292
949,Adi,Jackett,ajackettqc@europa.eu,Female,123.73.200.249,4017955665492
950,Fields,Laker,flakerqd@wired.com,Male,204.44.206.220,4041591684537328
951,Stanleigh,Marnane,smarnaneqe@springer.com,Male,211.154.211.66,4705525701983
952,Lolly,Wozencroft,lwozencroftqf@flavors.me,Female,185.160.167.212,4017958843830904
953,Diane-marie,Claypool,dclaypoolqg@cdc.gov,Female,185.228.253.53,4041371400151
954,Brandie,Sommerscales,bsommerscalesqh@zimbio.com,Female,229.177.113.85,4041591091034471
955,Dasya,Clappison,dclappisonqi@psu.edu,Female,172.135.106.148,4017954653184
956,Caralie,Burlay,cburlayqj@weebly.com,Female,88.30.198.41,4017959068073576
957,Atlanta,Domico,adomicoqk@twitpic.com,Female,232.207.100.41,4017958306144
958,Murdock,Rochford,mrochfordql@blogger.com,Male,252.186.98.66,4041379700576706
959,Arch,Pleaden,apleadenqm@earthlink.net,Male,88.86.33.182,4835927250477
960,Angele,O'Bruen,aobruenqn@dropbox.com,Female,246.169.131.27,4823286854246
961,Adlai,Keilloh,akeillohqo@quantcast.com,Male,197.140.229.40,4041598879633218
962,Darrelle,Chisnell,dchisnellqp@163.com,Female,91.129.184.123,4017950931251812
963,Lionello,Huckerby,lhuckerbyqq@patch.com,Male,165.64.148.89,4041591036062207
964,Sonni,Sandon,ssandonqr@creativecommons.org,Female,171.113.194.189,4479817561345
965,Calypso,Bernardi,cbernardiqs@archive.org,Female,107.71.199.17,4017959891869497
966,Ricki,Bear,rbearqt@google.nl,Female,223.241.70.70,4017953450893139
967,Emmalynn,Tofano,etofanoqu@java.com,Female,31.150.158.179,4775618940283538
968,Enos,Akehurst,eakehurstqv@house.gov,Male,102.151.92.194,4902508063197720
969,Vonnie,Chater,vchaterqw@gmpg.org,Female,154.62.29.232,4041377548847
970,Port,Germaine,pgermaineqx@ed.gov,Male,199.17.73.152,4041370968737
971,Pincus,Quadling,pquadlingqy@independent.co.uk,Male,124.62.224.69,4041379755497469
972,Carlie,Gierck,cgierckqz@google.ru,Female,165.95.215.67,4041372982098648
973,Magnum,Dohr,mdohrr0@smh.com.au,Male,10.97.252.174,4041592718506
974,Lorrie,Friend,lfriendr1@intel.com,Female,197.193.254.253,4041379365745
975,Mathew,Lensch,mlenschr2@woothemes.com,Male,14.186.242.86,4041379208543562
976,Tabina,Hastin,thastinr3@thetimes.co.uk,Female,2.180.96.247,4041599153998590
977,Charyl,Torres,ctorresr4@joomla.org,Female,236.215.15.213,4041377721697139
978,Evaleen,Giacometti,egiacomettir5@ucoz.ru,Female,90.141.175.169,4720225383026170
979,Melodie,Karpeev,mkarpeevr6@google.co.jp,Female,113.237.149.5,4041378560194691
980,Trefor,Warry,twarryr7@rakuten.co.jp,Male,150.34.65.139,4041596377572441
981,Aldwin,Keilty,akeiltyr8@feedburner.com,Male,204.33.186.233,4041597777094002
982,Yolanthe,Astbury,yastburyr9@godaddy.com,Female,163.162.22.39,4017951928514
983,Sylvia,Cheeseman,scheesemanra@fotki.com,Female,9.240.66.191,4041374460566
984,Veronike,Krochmann,vkrochmannrb@quantcast.com,Female,88.145.119.71,4225642503937450
985,Pierson,Harmer,pharmerrc@sina.com.cn,Male,37.131.222.33,4041595010059
986,Maxwell,Pudden,mpuddenrd@msu.edu,Male,197.244.184.214,4041092442557
987,Jodi,Vakhlov,jvakhlovre@bigcartel.com,Male,215.174.5.209,4041595639485
988,Alejandra,Waliszek,awaliszekrf@elegantthemes.com,Bigender,39.82.154.230,4017955900155555
989,Corilla,Ivantyev,civantyevrg@deliciousdays.com,Female,164.30.15.227,4041373294321
990,Nady,Rays,nraysrh@soundcloud.com,Female,62.32.134.110,4017955938758974
991,Hadleigh,Le Leu,hleleuri@eepurl.com,Male,116.54.2.75,4106237428367729
992,Pip,Foort,pfoortrj@icio.us,Male,56.206.151.244,4712925238905
993,Heinrik,Pairpoint,hpairpointrk@privacy.gov.au,Male,240.19.152.148,4041590089888278
994,Dulciana,Dearell,ddearellrl@parallels.com,Female,142.78.227.12,4959755501932
995,Mellisa,Sheara,msheararm@clickbank.net,Agender,11.189.160.179,4041596716508445
996,Ewell,Maunders,emaundersrn@cdc.gov,Male,228.110.112.142,4017955996822
997,Shelba,Scimonelli,sscimonelliro@fastcompany.com,Female,20.92.96.13,4017959238031
998,James,Brayn,jbraynrp@google.co.uk,Male,21.72.39.74,4017955846043
999,Garth,Ricco,griccorq@latimes.com,Male,68.59.39.124,4309000550104
1000,Norean,Tonna,ntonnarr@naver.com,Female,246.143.209.236,4041370500813399
